[
    {
        "pk": 1, 
        "model": "character_builder.source", 
        "fields": {
            "name": "Player's Handbook"
        }
    }, 
    {
        "pk": 2, 
        "model": "character_builder.source", 
        "fields": {
            "name": "Player's Handbook 2"
        }
    }, 
    {
        "pk": 3, 
        "model": "character_builder.source", 
        "fields": {
            "name": "Player's Handbook 3"
        }
    }, 
    {
        "pk": 1, 
        "model": "character_builder.role", 
        "fields": {
            "name": "Controller"
        }
    }, 
    {
        "pk": 2, 
        "model": "character_builder.role", 
        "fields": {
            "name": "Defender"
        }
    }, 
    {
        "pk": 3, 
        "model": "character_builder.role", 
        "fields": {
            "name": "Leader"
        }
    }, 
    {
        "pk": 4, 
        "model": "character_builder.role", 
        "fields": {
            "name": "Striker"
        }
    }, 
    {
        "pk": 1, 
        "model": "character_builder.size", 
        "fields": {
            "reach": "0", 
            "name": "Tiny", 
            "space": "1/2"
        }
    }, 
    {
        "pk": 2, 
        "model": "character_builder.size", 
        "fields": {
            "reach": "1", 
            "name": "Small", 
            "space": "1"
        }
    }, 
    {
        "pk": 3, 
        "model": "character_builder.size", 
        "fields": {
            "reach": "1", 
            "name": "Medium", 
            "space": "1"
        }
    }, 
    {
        "pk": 4, 
        "model": "character_builder.size", 
        "fields": {
            "reach": "1 - 2", 
            "name": "Large", 
            "space": "2 x 2"
        }
    }, 
    {
        "pk": 5, 
        "model": "character_builder.size", 
        "fields": {
            "reach": "2 - 3", 
            "name": "Huge", 
            "space": "3 x 3"
        }
    }, 
    {
        "pk": 6, 
        "model": "character_builder.size", 
        "fields": {
            "reach": "3 - 4", 
            "name": "Gargantuan", 
            "space": "4 x 4 or larger"
        }
    }, 
    {
        "pk": 1, 
        "model": "character_builder.gender", 
        "fields": {
            "name": "Unspecified"
        }
    }, 
    {
        "pk": 2, 
        "model": "character_builder.gender", 
        "fields": {
            "name": "Male"
        }
    }, 
    {
        "pk": 3, 
        "model": "character_builder.gender", 
        "fields": {
            "name": "Female"
        }
    }, 
    {
        "pk": 1, 
        "model": "character_builder.language", 
        "fields": {
            "name": "Common", 
            "script": "Common"
        }
    }, 
    {
        "pk": 2, 
        "model": "character_builder.language", 
        "fields": {
            "name": "Deep Speech", 
            "script": "Rellanic"
        }
    }, 
    {
        "pk": 3, 
        "model": "character_builder.language", 
        "fields": {
            "name": "Draconic", 
            "script": "Lokharic"
        }
    }, 
    {
        "pk": 4, 
        "model": "character_builder.language", 
        "fields": {
            "name": "Dwarven", 
            "script": "Davek"
        }
    }, 
    {
        "pk": 5, 
        "model": "character_builder.language", 
        "fields": {
            "name": "Elven", 
            "script": "Rellanic"
        }
    }, 
    {
        "pk": 6, 
        "model": "character_builder.language", 
        "fields": {
            "name": "Giant", 
            "script": "Davek"
        }
    }, 
    {
        "pk": 7, 
        "model": "character_builder.language", 
        "fields": {
            "name": "Goblin", 
            "script": "Common"
        }
    }, 
    {
        "pk": 8, 
        "model": "character_builder.language", 
        "fields": {
            "name": "Primordial", 
            "script": "Barazhad"
        }
    }, 
    {
        "pk": 9, 
        "model": "character_builder.language", 
        "fields": {
            "name": "Supernal", 
            "script": "Supernal"
        }
    }, 
    {
        "pk": 10, 
        "model": "character_builder.language", 
        "fields": {
            "name": "Abyssal", 
            "script": "Barazhad"
        }
    }, 
    {
        "pk": 1, 
        "model": "character_builder.vision", 
        "fields": {
            "name": "Normal"
        }
    }, 
    {
        "pk": 2, 
        "model": "character_builder.vision", 
        "fields": {
            "name": "Low-light"
        }
    }, 
    {
        "pk": 1, 
        "model": "character_builder.ability", 
        "fields": {
            "abbreviation": "Str", 
            "help_text": "Measures your character's physical power. It\u2019s important for most characters who fight hand-to-hand. Clerics, fighters, paladins, rangers, and warlords have powers based on Strength.", 
            "name": "Strength"
        }
    }, 
    {
        "pk": 2, 
        "model": "character_builder.ability", 
        "fields": {
            "abbreviation": "Con", 
            "help_text": "Represents your character\u2019s health, stamina, and vital force. All characters benefit from a high Constitution score. Many warlock powers are based on constitution.", 
            "name": "Constitution"
        }
    }, 
    {
        "pk": 3, 
        "model": "character_builder.ability", 
        "fields": {
            "abbreviation": "Dex", 
            "help_text": "Measures hand-eye coordination, agility, reflexes, and balance. Many ranger and rogue powers are based on Dexterity.", 
            "name": "Dexterity"
        }
    }, 
    {
        "pk": 4, 
        "model": "character_builder.ability", 
        "fields": {
            "abbreviation": "Int", 
            "help_text": "Describes how well your character learns and reasons. Wizard powers are based on Intelligence.", 
            "name": "Intelligence"
        }
    }, 
    {
        "pk": 5, 
        "model": "character_builder.ability", 
        "fields": {
            "abbreviation": "Wis", 
            "help_text": "Measures your common sense, perception, self-discipline, and empathy. You use your Wisdom score to notice details, sense danger, and get a read on other people. Many cleric powers are based on Wisdom.", 
            "name": "Wisdom"
        }
    }, 
    {
        "pk": 6, 
        "model": "character_builder.ability", 
        "fields": {
            "abbreviation": "Cha", 
            "help_text": "Measures your force of personality, persuasiveness, and leadership. Many paladin and warlock powers are based on \r\nCharisma.", 
            "name": "Charisma"
        }
    }, 
    {
        "pk": 1, 
        "model": "character_builder.skill", 
        "fields": {
            "name": "Acrobatics", 
            "ability": 3
        }
    }, 
    {
        "pk": 2, 
        "model": "character_builder.skill", 
        "fields": {
            "name": "Arcana", 
            "ability": 4
        }
    }, 
    {
        "pk": 3, 
        "model": "character_builder.skill", 
        "fields": {
            "name": "Athletics", 
            "ability": 1
        }
    }, 
    {
        "pk": 4, 
        "model": "character_builder.skill", 
        "fields": {
            "name": "Bluff", 
            "ability": 6
        }
    }, 
    {
        "pk": 5, 
        "model": "character_builder.skill", 
        "fields": {
            "name": "Diplomacy", 
            "ability": 6
        }
    }, 
    {
        "pk": 6, 
        "model": "character_builder.skill", 
        "fields": {
            "name": "Dungeoneering", 
            "ability": 5
        }
    }, 
    {
        "pk": 7, 
        "model": "character_builder.skill", 
        "fields": {
            "name": "Endurance", 
            "ability": 2
        }
    }, 
    {
        "pk": 8, 
        "model": "character_builder.skill", 
        "fields": {
            "name": "Heal", 
            "ability": 5
        }
    }, 
    {
        "pk": 9, 
        "model": "character_builder.skill", 
        "fields": {
            "name": "History", 
            "ability": 4
        }
    }, 
    {
        "pk": 10, 
        "model": "character_builder.skill", 
        "fields": {
            "name": "Insight", 
            "ability": 5
        }
    }, 
    {
        "pk": 11, 
        "model": "character_builder.skill", 
        "fields": {
            "name": "Intimidate", 
            "ability": 6
        }
    }, 
    {
        "pk": 12, 
        "model": "character_builder.skill", 
        "fields": {
            "name": "Nature", 
            "ability": 5
        }
    }, 
    {
        "pk": 13, 
        "model": "character_builder.skill", 
        "fields": {
            "name": "Perception", 
            "ability": 5
        }
    }, 
    {
        "pk": 14, 
        "model": "character_builder.skill", 
        "fields": {
            "name": "Religion", 
            "ability": 4
        }
    }, 
    {
        "pk": 15, 
        "model": "character_builder.skill", 
        "fields": {
            "name": "Stealth", 
            "ability": 3
        }
    }, 
    {
        "pk": 16, 
        "model": "character_builder.skill", 
        "fields": {
            "name": "Streetwise", 
            "ability": 6
        }
    }, 
    {
        "pk": 17, 
        "model": "character_builder.skill", 
        "fields": {
            "name": "Thievery", 
            "ability": 3
        }
    }, 
    {
        "pk": 1, 
        "model": "character_builder.powertype", 
        "fields": {
            "name": "At-Will Attack"
        }
    }, 
    {
        "pk": 2, 
        "model": "character_builder.powertype", 
        "fields": {
            "name": "At-Will Utility"
        }
    }, 
    {
        "pk": 3, 
        "model": "character_builder.powertype", 
        "fields": {
            "name": "Encounter Attack"
        }
    }, 
    {
        "pk": 4, 
        "model": "character_builder.powertype", 
        "fields": {
            "name": "Encounter Utility"
        }
    }, 
    {
        "pk": 5, 
        "model": "character_builder.powertype", 
        "fields": {
            "name": "Daily Attack"
        }
    }, 
    {
        "pk": 6, 
        "model": "character_builder.powertype", 
        "fields": {
            "name": "Daily Utility"
        }
    }, 
    {
        "pk": 7, 
        "model": "character_builder.powertype", 
        "fields": {
            "name": "Cantrip"
        }
    }, 
    {
        "pk": 8, 
        "model": "character_builder.powertype", 
        "fields": {
            "name": "At-Will Racial"
        }
    }, 
    {
        "pk": 9, 
        "model": "character_builder.powertype", 
        "fields": {
            "name": "Encounter Racial"
        }
    }, 
    {
        "pk": 10, 
        "model": "character_builder.powertype", 
        "fields": {
            "name": "Daily Racial"
        }
    }, 
    {
        "pk": 1, 
        "model": "character_builder.race", 
        "fields": {
            "name": "Dragonborn", 
            "average_weight_text": "220 - 320 lb", 
            "description": "<p>Born to fight, dragonborn are a race of wandering mercenaries, soldiers, and adventurers. Long ago, their empire contended for worldwide dominion, but now only a few rootless clans of these honorable warriors remain to pass on their legends of ancient glory.</p><p>Play a dragonborn if you want . . .</p><p>\u2726 to look like a dragon.</p><p>\u2726 to be the proud heir of an ancient, fallen empire.</p><p>\u2726 to breathe acid, cold, fire, lightning, or poison.</p><p>\u2726 to be a member of a race that favors the warlord, fighter, and paladin classes", 
            "languages": [
                1, 
                3
            ], 
            "source": 1, 
            "average_height_text": "6' 2\" - 6' 8\"", 
            "speed": 6, 
            "vision": 1, 
            "size": 3
        }
    }, 
    {
        "pk": 2, 
        "model": "character_builder.race", 
        "fields": {
            "name": "Dwarf", 
            "average_weight_text": "160 - 220 lb", 
            "description": "<p>Carved from the bedrock of the universe, dwarves endured an age of servitude to giants before winning their freedom. Their mighty mountain fortress-cities testify to the power of their ancient empires. Even those who live in human cities are counted among the staunchest defenders against the darkness that threatens to engulf the world.\r\n\r\nPlay a dwarf if you want . . .</p><p>\u2726 to be tough, gruff, and strong as bedrock.</p><p>\u2726 to bring glory to your ancestors or serve as your god\u2019s right hand.</p><p>\u2726 to be able to take as much punishment as you dish out.</p><p>\u2726 to be a member of a race that favors the paladin, cleric, and fighter classes.", 
            "languages": [
                1, 
                4
            ], 
            "source": 1, 
            "average_height_text": "4' 3\" - 4' 9\"", 
            "speed": 5, 
            "vision": 2, 
            "size": 3
        }
    }, 
    {
        "pk": 3, 
        "model": "character_builder.race", 
        "fields": {
            "name": "Eladrin", 
            "average_weight_text": "130 - 180 lb", 
            "description": "<p>Creatures of magic with strong ties to nature, eladrin live in cities in the twilight realm of the Feywild. Their cities lie close enough to the world that they sometimes cross over, appearing briefly in mountain valleys or deep forest glades before fading back into the Feywild.\r\n\r\nPlay an eladrin if you want . . .</p><p>\u2726 to be otherworldly and mysterious.</p><p>\u2726 to be graceful and intelligent.</p><p>\u2726 to teleport around the battlefield, cloaked in the magic of the Feywild.</p><p>\u2726 to be a member of a race that favors the wizard, rogue, and warlord classes.", 
            "languages": [
                1, 
                5
            ], 
            "source": 1, 
            "average_height_text": "5' 5\" - 6' 1\"", 
            "speed": 6, 
            "vision": 2, 
            "size": 3
        }
    }, 
    {
        "pk": 4, 
        "model": "character_builder.race", 
        "fields": {
            "name": "Elf", 
            "average_weight_text": "130 - 170 lb", 
            "description": "<p>Wild and free, elves guard their forested lands using stealth and deadly arrows from the trees. They build their homes in close harmony with the forest, so perfectly joined that travelers often fail to notice that they have entered an elven community until it is too late.\r\n\r\nPlay an elf if you want . . .</p><p>\u2726 to be quick, quiet, and wild.</p><p>\u2726 to lead your companions through the deep woods and pepper your enemies with arrows.</p><p>\u2726 to be a member of a race that favors the ranger, rogue, and cleric classes.", 
            "languages": [
                1, 
                5
            ], 
            "source": 1, 
            "average_height_text": "5' 4\" - 6' 0\"", 
            "speed": 7, 
            "vision": 2, 
            "size": 3
        }
    }, 
    {
        "pk": 5, 
        "model": "character_builder.race", 
        "fields": {
            "name": "Half-Elf", 
            "average_weight_text": "130-190 lb", 
            "description": "<p>Descended from elves and humans, half-elves are a vital race in which the best features of elves and humans often appear.\r\n\r\nPlay a half-elf if you want . . .</p><p>\u2726 to be an outgoing, enthusiastic leader.</p><p>\u2726 to be a charismatic hero equally at home in two different cultures.</p><p>\u2726 to be a member of a race that favors the warlord, paladin, and warlock classes.", 
            "languages": [
                1, 
                5
            ], 
            "source": 1, 
            "average_height_text": "5' 5\" - 6' 2\"", 
            "speed": 6, 
            "vision": 2, 
            "size": 3
        }
    }, 
    {
        "pk": 6, 
        "model": "character_builder.race", 
        "fields": {
            "name": "Halfling", 
            "average_weight_text": "75-85 lb", 
            "description": "<p>Halflings are a small race known for their resourcefulness, quick wits, and steady nerves. They are a nomadic folk who roam waterways and marshlands. No people travel farther or see more of what happens in the world than halflings.\r\n\r\nPlay a halfling if you want . . .</p><p>\u2726 to be a plucky hero who is all too easy to underestimate.</p><p>\u2726 to be likable, warm, and friendly.</p><p>\u2726 to be a member of a race that favors the rogue, ranger, and warlock classes.", 
            "languages": [
                1
            ], 
            "source": 1, 
            "average_height_text": "3' 10 - 4' 2\"", 
            "speed": 6, 
            "vision": 1, 
            "size": 2
        }
    }, 
    {
        "pk": 17, 
        "model": "character_builder.race", 
        "fields": {
            "name": "Human", 
            "average_weight_text": "135-220 lb", 
            "description": "<p>Of all the civilized races, humans are the most adaptable and diverse. Human settlements can be found almost anywhere, and human morals, customs, and interests vary greatly.\r\n\r\nPlay a human if you want . . .</p><p>\u2726 to be a decisive, resourceful hero with enough determination to face any challenge.</p><p>\u2726 to have the most versatility and flexibility of any race.</p><p>\u2726 to be able to excel at any class you choose.", 
            "languages": [
                1
            ], 
            "source": 1, 
            "average_height_text": "5' 6\" - 6' 2\"", 
            "speed": 6, 
            "vision": 1, 
            "size": 3
        }
    }, 
    {
        "pk": 7, 
        "model": "character_builder.race", 
        "fields": {
            "name": "Tiefling", 
            "average_weight_text": "140-230 lb", 
            "description": "<p>Heirs to an ancient, infernal bloodline, tieflings have no realms of their own but instead live within human kingdoms and cities. They are descended from human nobles who bargained with dark powers, and long ago their empire subjugated half the world. But the empire was cast down into ruin, and tieflings were left to make their own way in a world that often fears and resents them.\r\n\r\nPlay a tiefling if you want . . .</p><p>\u2726 to be a hero who has a dark side to overcome.</p><p>\u2726 to be good at tricking, intimidating, or persuading others to do your will.</p><p>\u2726 to be a member of a race that favors the warlock, warlord, and rogue classes.", 
            "languages": [
                1
            ], 
            "source": 1, 
            "average_height_text": "5' 6\" - 6' 2\"", 
            "speed": 6, 
            "vision": 2, 
            "size": 3
        }
    }, 
    {
        "pk": 1, 
        "model": "character_builder.raceabilitymod", 
        "fields": {
            "modifier": 2, 
            "race": 4, 
            "ability": 5
        }
    }, 
    {
        "pk": 2, 
        "model": "character_builder.raceabilitymod", 
        "fields": {
            "modifier": 2, 
            "race": 4, 
            "ability": 3
        }
    }, 
    {
        "pk": 3, 
        "model": "character_builder.raceabilitymod", 
        "fields": {
            "modifier": 2, 
            "race": 1, 
            "ability": 1
        }
    }, 
    {
        "pk": 4, 
        "model": "character_builder.raceabilitymod", 
        "fields": {
            "modifier": 2, 
            "race": 1, 
            "ability": 6
        }
    }, 
    {
        "pk": 5, 
        "model": "character_builder.raceabilitymod", 
        "fields": {
            "modifier": 2, 
            "race": 2, 
            "ability": 2
        }
    }, 
    {
        "pk": 6, 
        "model": "character_builder.raceabilitymod", 
        "fields": {
            "modifier": 2, 
            "race": 2, 
            "ability": 5
        }
    }, 
    {
        "pk": 7, 
        "model": "character_builder.raceabilitymod", 
        "fields": {
            "modifier": 2, 
            "race": 3, 
            "ability": 3
        }
    }, 
    {
        "pk": 8, 
        "model": "character_builder.raceabilitymod", 
        "fields": {
            "modifier": 2, 
            "race": 3, 
            "ability": 4
        }
    }, 
    {
        "pk": 9, 
        "model": "character_builder.raceabilitymod", 
        "fields": {
            "modifier": 2, 
            "race": 5, 
            "ability": 2
        }
    }, 
    {
        "pk": 10, 
        "model": "character_builder.raceabilitymod", 
        "fields": {
            "modifier": 2, 
            "race": 5, 
            "ability": 6
        }
    }, 
    {
        "pk": 11, 
        "model": "character_builder.raceabilitymod", 
        "fields": {
            "modifier": 2, 
            "race": 6, 
            "ability": 3
        }
    }, 
    {
        "pk": 12, 
        "model": "character_builder.raceabilitymod", 
        "fields": {
            "modifier": 2, 
            "race": 6, 
            "ability": 6
        }
    }, 
    {
        "pk": 13, 
        "model": "character_builder.raceabilitymod", 
        "fields": {
            "modifier": 2, 
            "race": 7, 
            "ability": 4
        }
    }, 
    {
        "pk": 14, 
        "model": "character_builder.raceabilitymod", 
        "fields": {
            "modifier": 2, 
            "race": 7, 
            "ability": 6
        }
    }, 
    {
        "pk": 1, 
        "model": "character_builder.raceskillmod", 
        "fields": {
            "skill": 12, 
            "race": 4, 
            "modifier": 2
        }
    }, 
    {
        "pk": 2, 
        "model": "character_builder.raceskillmod", 
        "fields": {
            "skill": 13, 
            "race": 4, 
            "modifier": 2
        }
    }, 
    {
        "pk": 3, 
        "model": "character_builder.raceskillmod", 
        "fields": {
            "skill": 9, 
            "race": 1, 
            "modifier": 2
        }
    }, 
    {
        "pk": 4, 
        "model": "character_builder.raceskillmod", 
        "fields": {
            "skill": 11, 
            "race": 1, 
            "modifier": 2
        }
    }, 
    {
        "pk": 5, 
        "model": "character_builder.raceskillmod", 
        "fields": {
            "skill": 6, 
            "race": 2, 
            "modifier": 2
        }
    }, 
    {
        "pk": 6, 
        "model": "character_builder.raceskillmod", 
        "fields": {
            "skill": 7, 
            "race": 2, 
            "modifier": 2
        }
    }, 
    {
        "pk": 7, 
        "model": "character_builder.raceskillmod", 
        "fields": {
            "skill": 2, 
            "race": 3, 
            "modifier": 2
        }
    }, 
    {
        "pk": 8, 
        "model": "character_builder.raceskillmod", 
        "fields": {
            "skill": 9, 
            "race": 3, 
            "modifier": 2
        }
    }, 
    {
        "pk": 9, 
        "model": "character_builder.raceskillmod", 
        "fields": {
            "skill": 5, 
            "race": 5, 
            "modifier": 2
        }
    }, 
    {
        "pk": 10, 
        "model": "character_builder.raceskillmod", 
        "fields": {
            "skill": 10, 
            "race": 5, 
            "modifier": 2
        }
    }, 
    {
        "pk": 11, 
        "model": "character_builder.raceskillmod", 
        "fields": {
            "skill": 1, 
            "race": 6, 
            "modifier": 2
        }
    }, 
    {
        "pk": 12, 
        "model": "character_builder.raceskillmod", 
        "fields": {
            "skill": 17, 
            "race": 6, 
            "modifier": 2
        }
    }, 
    {
        "pk": 13, 
        "model": "character_builder.raceskillmod", 
        "fields": {
            "skill": 4, 
            "race": 7, 
            "modifier": 2
        }
    }, 
    {
        "pk": 14, 
        "model": "character_builder.raceskillmod", 
        "fields": {
            "skill": 15, 
            "race": 7, 
            "modifier": 2
        }
    }, 
    {
        "pk": 1, 
        "model": "character_builder.weaponcategory", 
        "fields": {
            "name": "Improvised Melee One-Handed"
        }
    }, 
    {
        "pk": 2, 
        "model": "character_builder.weaponcategory", 
        "fields": {
            "name": "Improvised Ranged One-Handed"
        }
    }, 
    {
        "pk": 3, 
        "model": "character_builder.weaponcategory", 
        "fields": {
            "name": "Simple Melee One-Handed"
        }
    }, 
    {
        "pk": 4, 
        "model": "character_builder.weaponcategory", 
        "fields": {
            "name": "Simple Ranged One-Handed"
        }
    }, 
    {
        "pk": 5, 
        "model": "character_builder.weaponcategory", 
        "fields": {
            "name": "Military Melee One-Handed"
        }
    }, 
    {
        "pk": 6, 
        "model": "character_builder.weaponcategory", 
        "fields": {
            "name": "Military Ranged One-Handed"
        }
    }, 
    {
        "pk": 7, 
        "model": "character_builder.weaponcategory", 
        "fields": {
            "name": "Superior Melee One-Handed"
        }
    }, 
    {
        "pk": 8, 
        "model": "character_builder.weaponcategory", 
        "fields": {
            "name": "Superior Ranged One-Handed"
        }
    }, 
    {
        "pk": 9, 
        "model": "character_builder.weaponcategory", 
        "fields": {
            "name": "Improvised Melee Two-Handed"
        }
    }, 
    {
        "pk": 10, 
        "model": "character_builder.weaponcategory", 
        "fields": {
            "name": "Improvised Ranged Two-Handed"
        }
    }, 
    {
        "pk": 11, 
        "model": "character_builder.weaponcategory", 
        "fields": {
            "name": "Simple Melee Two-Handed"
        }
    }, 
    {
        "pk": 12, 
        "model": "character_builder.weaponcategory", 
        "fields": {
            "name": "Simple Ranged Two-Handed"
        }
    }, 
    {
        "pk": 13, 
        "model": "character_builder.weaponcategory", 
        "fields": {
            "name": "Military Melee Two-Handed"
        }
    }, 
    {
        "pk": 14, 
        "model": "character_builder.weaponcategory", 
        "fields": {
            "name": "Military Ranged Two-Handed"
        }
    }, 
    {
        "pk": 15, 
        "model": "character_builder.weaponcategory", 
        "fields": {
            "name": "Superior Melee Two-Handed"
        }
    }, 
    {
        "pk": 16, 
        "model": "character_builder.weaponcategory", 
        "fields": {
            "name": "Superior Ranged Two-Handed"
        }
    }, 
    {
        "pk": 1, 
        "model": "character_builder.weapongroup", 
        "fields": {
            "name": "Axe"
        }
    }, 
    {
        "pk": 2, 
        "model": "character_builder.weapongroup", 
        "fields": {
            "name": "Bow"
        }
    }, 
    {
        "pk": 3, 
        "model": "character_builder.weapongroup", 
        "fields": {
            "name": "Crossbow"
        }
    }, 
    {
        "pk": 4, 
        "model": "character_builder.weapongroup", 
        "fields": {
            "name": "Flail"
        }
    }, 
    {
        "pk": 5, 
        "model": "character_builder.weapongroup", 
        "fields": {
            "name": "Hammer"
        }
    }, 
    {
        "pk": 6, 
        "model": "character_builder.weapongroup", 
        "fields": {
            "name": "Heavy Blade"
        }
    }, 
    {
        "pk": 7, 
        "model": "character_builder.weapongroup", 
        "fields": {
            "name": "Light Blade"
        }
    }, 
    {
        "pk": 8, 
        "model": "character_builder.weapongroup", 
        "fields": {
            "name": "Mace"
        }
    }, 
    {
        "pk": 9, 
        "model": "character_builder.weapongroup", 
        "fields": {
            "name": "Pick"
        }
    }, 
    {
        "pk": 10, 
        "model": "character_builder.weapongroup", 
        "fields": {
            "name": "Polearm"
        }
    }, 
    {
        "pk": 11, 
        "model": "character_builder.weapongroup", 
        "fields": {
            "name": "Sling"
        }
    }, 
    {
        "pk": 12, 
        "model": "character_builder.weapongroup", 
        "fields": {
            "name": "Spear"
        }
    }, 
    {
        "pk": 13, 
        "model": "character_builder.weapongroup", 
        "fields": {
            "name": "Staff"
        }
    }, 
    {
        "pk": 14, 
        "model": "character_builder.weapongroup", 
        "fields": {
            "name": "Unarmed"
        }
    }, 
    {
        "pk": 1, 
        "model": "character_builder.weaponproficiencygroup", 
        "fields": {
            "name": "Simple", 
            "categories": [
                3, 
                4, 
                11, 
                12
            ]
        }
    }, 
    {
        "pk": 2, 
        "model": "character_builder.weaponproficiencygroup", 
        "fields": {
            "name": "Simple Melee", 
            "categories": [
                3, 
                11
            ]
        }
    }, 
    {
        "pk": 3, 
        "model": "character_builder.weaponproficiencygroup", 
        "fields": {
            "name": "Simple Ranged", 
            "categories": [
                4, 
                12
            ]
        }
    }, 
    {
        "pk": 4, 
        "model": "character_builder.weaponproficiencygroup", 
        "fields": {
            "name": "Military", 
            "categories": [
                5, 
                6, 
                13, 
                14
            ]
        }
    }, 
    {
        "pk": 5, 
        "model": "character_builder.weaponproficiencygroup", 
        "fields": {
            "name": "Military Melee", 
            "categories": [
                5, 
                13
            ]
        }
    }, 
    {
        "pk": 6, 
        "model": "character_builder.weaponproficiencygroup", 
        "fields": {
            "name": "Military Ranged", 
            "categories": [
                6, 
                14
            ]
        }
    }, 
    {
        "pk": 1, 
        "model": "character_builder.weapontype", 
        "fields": {
            "category": 3, 
            "group": 7, 
            "name": "Dagger", 
            "weapon_range": "5/10", 
            "damage": "1d4", 
            "proficiency": "+3", 
            "properties": "Off-hand, light thrown"
        }
    }, 
    {
        "pk": 2, 
        "model": "character_builder.weapontype", 
        "fields": {
            "category": 5, 
            "group": 7, 
            "name": "Short sword", 
            "weapon_range": "-", 
            "damage": "1d6", 
            "proficiency": "+3", 
            "properties": "offhand"
        }
    }, 
    {
        "pk": 3, 
        "model": "character_builder.weapontype", 
        "fields": {
            "category": 4, 
            "group": 11, 
            "name": "Sling", 
            "weapon_range": "10/20", 
            "damage": "1d6", 
            "proficiency": "+2", 
            "properties": "Load free"
        }
    }, 
    {
        "pk": 4, 
        "model": "character_builder.weapontype", 
        "fields": {
            "category": 4, 
            "group": 4, 
            "name": "Hand crossbow", 
            "weapon_range": "10/20", 
            "damage": "1d6", 
            "proficiency": "+2", 
            "properties": "Load free"
        }
    }, 
    {
        "pk": 5, 
        "model": "character_builder.weapontype", 
        "fields": {
            "category": 8, 
            "group": 7, 
            "name": "Shuriken", 
            "weapon_range": "6/12", 
            "damage": "1d4", 
            "proficiency": "+3", 
            "properties": "Light thrown"
        }
    }, 
    {
        "pk": 6, 
        "model": "character_builder.weapontype", 
        "fields": {
            "category": 5, 
            "group": 6, 
            "name": "Longsword", 
            "weapon_range": "-", 
            "damage": "1d8", 
            "proficiency": "+3", 
            "properties": "Versatile"
        }
    }, 
    {
        "pk": 1, 
        "model": "character_builder.armorclass", 
        "fields": {
            "name": "Light"
        }
    }, 
    {
        "pk": 2, 
        "model": "character_builder.armorclass", 
        "fields": {
            "name": "Heavy"
        }
    }, 
    {
        "pk": 1, 
        "model": "character_builder.armortype", 
        "fields": {
            "armor_class": 1, 
            "name": "Cloth"
        }
    }, 
    {
        "pk": 2, 
        "model": "character_builder.armortype", 
        "fields": {
            "armor_class": 1, 
            "name": "Leather"
        }
    }, 
    {
        "pk": 3, 
        "model": "character_builder.armortype", 
        "fields": {
            "armor_class": 1, 
            "name": "Hide"
        }
    }, 
    {
        "pk": 4, 
        "model": "character_builder.armortype", 
        "fields": {
            "armor_class": 2, 
            "name": "Chainmail"
        }
    }, 
    {
        "pk": 5, 
        "model": "character_builder.armortype", 
        "fields": {
            "armor_class": 2, 
            "name": "Scale"
        }
    }, 
    {
        "pk": 6, 
        "model": "character_builder.armortype", 
        "fields": {
            "armor_class": 2, 
            "name": "Plate"
        }
    }, 
    {
        "pk": 7, 
        "model": "character_builder.armortype", 
        "fields": {
            "armor_class": 1, 
            "name": "Light Shield"
        }
    }, 
    {
        "pk": 8, 
        "model": "character_builder.armortype", 
        "fields": {
            "armor_class": 2, 
            "name": "Heavy Shield"
        }
    }, 
    {
        "pk": 1, 
        "model": "character_builder.classtype", 
        "fields": {
            "favored_abilities": [
                1, 
                5, 
                6
            ], 
            "armor_proficiencies": [
                1, 
                2, 
                3, 
                4
            ], 
            "name": "Cleric", 
            "weapon_proficiencies": [
                3, 
                4
            ], 
            "skill_choices": 4, 
            "role_flavor": "\u201cHave courage, my friends! Pelor favors us today!\u201d", 
            "source": 1, 
            "role": 3, 
            "trained_skills": [
                14
            ], 
            "description": "Clerics are battle leaders who are invested with divine power. They blast foes with magical prayers, bolster and heal companions, and lead the way to victory with a mace in one hand and a holy symbol in the other. Clerics run the gamut from humble servants of the common folk to ruthless enforcers of evil gods."
        }
    }, 
    {
        "pk": 2, 
        "model": "character_builder.classtype", 
        "fields": {
            "favored_abilities": [
                1, 
                2, 
                3, 
                5
            ], 
            "armor_proficiencies": [
                1, 
                2, 
                3, 
                4, 
                5, 
                7, 
                8
            ], 
            "name": "Fighter", 
            "weapon_proficiencies": [
                1, 
                4
            ], 
            "skill_choices": 3, 
            "role_flavor": "\u201cYou\u2019ll have to deal with me first, dragon!\u201d", 
            "source": 1, 
            "role": 2, 
            "trained_skills": [], 
            "description": "<p>Fighters are determined combat adepts trained to protect the other members of their adventuring groups. Fighters define the front line by bashing and slicing foes into submission while reflecting enemy attacks through the use of heavy armor. Fighters draw weapons for gold, for glory, for duty, and for the mere joy of unrestrained martial exercise.</p>\r\n<p>Regardless of your level of skill and the specific weapons you eventually master, your motivations determine who you defend and who you slay. You could be a noble champion who pledges your blade to gallant causes, a calculating mercenary who cares more for the clink of gold than praise, a homeless prince on the run from assassins, or a blood-loving thug looking for the next good fight.</p>\r\n<p>Your future is yours. When you unsheathe your weapon, what battle cry flies from your lips?</p>"
        }
    }, 
    {
        "pk": 3, 
        "model": "character_builder.classtype", 
        "fields": {
            "favored_abilities": [
                1, 
                5, 
                6
            ], 
            "armor_proficiencies": [
                1, 
                2, 
                3, 
                4, 
                5, 
                6, 
                7, 
                8
            ], 
            "name": "Paladin", 
            "weapon_proficiencies": [
                1, 
                5
            ], 
            "skill_choices": 3, 
            "role_flavor": "\u201cI am the righteous shield of Moradin and a sword in his mighty hand! I fear no evil!\u201d", 
            "source": 1, 
            "role": 2, 
            "trained_skills": [
                14
            ], 
            "description": "<p>Paladins are indomitable warriors who\u2019ve pledged their prowess to something greater than themselves. Paladins smite enemies with divine authority, bolster the courage of nearby companions, and radiate as if a beacon of inextinguishable hope. Paladins are transfigured on the field of battle, exemplars of divine ethos in action.</p>\r\n<p>To you is given the responsibility to unflinchingly stand before an enemy\u2019s charge, smiting them with your sword while protecting your allies with your sacrifice. Where others waver and wonder, your motivation is pure and simple, and your devotion is your strength. Where others scheme and steal, you take the high road, refusing to allow the illusions of temptation to dissuade you from your obligations.</p>\r\n<p>Take up your blessed sword and sanctified shield, brave warrior, and charge forward to hallowed glory!</p>"
        }
    }, 
    {
        "pk": 4, 
        "model": "character_builder.classtype", 
        "fields": {
            "favored_abilities": [
                1, 
                3, 
                5
            ], 
            "armor_proficiencies": [
                1, 
                2, 
                3
            ], 
            "name": "Ranger", 
            "weapon_proficiencies": [
                1, 
                4
            ], 
            "skill_choices": 4, 
            "role_flavor": "\u201cI\u2019ll get the one in the back. That\u2019s one hobgoblin who\u2019ll regret ever lifting a bow.\u201d", 
            "source": 1, 
            "role": 4, 
            "trained_skills": [], 
            "description": "<p>Rangers are watchful warriors who roam past the horizon to safeguard a region, a principle, or a way of life. Masters of bow and blade, rangers excel at hit-andrun assaults and can quickly and silently eliminate foes. Rangers lay superb ambushes and excel at avoiding danger.</p>\r\n<p>As a ranger, you possess almost supernaturally keen senses and a deep appreciation for untamed wilderness. With your knowledge of the natural world, you are able to track enemies through nearly any landscape, using the smallest clue to set your course, even sometimes the calls and songs of beasts and birds. Your severe demeanor promises a deadly conclusion to any enemy you hunt.</p>\r\n<p>When you catch sight of your quarry, will the transgressor perish by swift bow shots from a distance, or by the twofold blades that glint and glitter in each of your battle-scarred hands?</p>"
        }
    }, 
    {
        "pk": 5, 
        "model": "character_builder.classtype", 
        "fields": {
            "favored_abilities": [
                1, 
                3, 
                6
            ], 
            "armor_proficiencies": [
                1, 
                2
            ], 
            "name": "Rogue", 
            "weapon_proficiencies": [
                1
            ], 
            "skill_choices": 4, 
            "role_flavor": "\u201cYou look surprised to see me. If you\u2019d been paying attention, you might still be alive.\u201d", 
            "source": 1, 
            "role": 4, 
            "trained_skills": [
                15, 
                17
            ], 
            "description": "<p>Rogues are cunning and elusive adversaries. Rogues slip into and out of shadows on a whim, pass anywhere across the field of battle without fear of reprisal, and appear suddenly only to drive home a lethal blade.</p>\r\n<p>As a rogue, you might face others\u2019 preconceptions regarding your motivations, but your nature is your own to mold. You could be an agent fresh from the deposed king\u2019s shattered intelligence network, an accused criminal on the lam seeking to clear your name, a wiry performer whose goals transcend the theatrical stage, a kid trying to turn around your hardluck story, or a daredevil thrill-seeker who can\u2019t get enough of the adrenaline rush of conflict. Or perhaps you are merely in it for the gold, after all.</p>\r\n<p>With a blade up your sleeve and a concealing cloak across your shoulders, you stride forth, eyes alight with anticipation. What worldly wonders and rewards are yours for the taking?</p>"
        }
    }, 
    {
        "pk": 6, 
        "model": "character_builder.classtype", 
        "fields": {
            "favored_abilities": [
                2, 
                4, 
                6
            ], 
            "armor_proficiencies": [
                1, 
                2
            ], 
            "name": "Warlock", 
            "weapon_proficiencies": [
                3, 
                4
            ], 
            "skill_choices": 4, 
            "role_flavor": "\u201cThe darkness holds no terror for me, demon! I curse you now under the Sign of Ill Omen!\u201d", 
            "source": 1, 
            "role": 4, 
            "trained_skills": [], 
            "description": "<p>Warlocks channel arcane might wrested from primeval entities. They commune with infernal intelligences and fey spirits, scour enemies with potent blasts of eldritch power, and bedevil foes with hexing curses. Armed with esoteric secrets and dangerous lore, warlocks are clever and resourceful foes.</p>\r\n<p>However you came to your arcane knowledge, you need not accept the poor reputation warlocks sometimes endure. You could be a libram-toting scholar captivated by ominous lore, a foot-loose wanderer searching for elusive ultimate truths, a devil-touched hunter using infernal spells to eliminate evil, or even a black-clad mercenary who uses sinister trappings to discourage prying strangers and unwanted attention. On the other hand, you could be a true diabolist using your gifts to tyrannize the weak\u2014some warlocks unfortunately are exactly that.</p>\r\n<p>The pacts are complete. The rites have concluded. The signs are drawn in blood, and the seals are broken. Your destiny beckons.</p>"
        }
    }, 
    {
        "pk": 7, 
        "model": "character_builder.classtype", 
        "fields": {
            "favored_abilities": [
                1, 
                4, 
                6
            ], 
            "armor_proficiencies": [
                1, 
                2, 
                3, 
                4, 
                7
            ], 
            "name": "Warlord", 
            "weapon_proficiencies": [
                1, 
                5
            ], 
            "skill_choices": 4, 
            "role_flavor": "\u201cOnward to victory! They cannot stand before us!\u201d", 
            "source": 1, 
            "role": 3, 
            "trained_skills": [], 
            "description": "<p>Warlords are accomplished and competent battle leaders. Warlords stand on the front line issuing commands and bolstering their allies while leading the battle with weapon in hand. Warlords know how to rally a team to win a fight.</p>\r\n<p>Your ability to lead others to victory is a direct result of your history. You could be a minor warchief looking to make a name for yourself, a pious knightcommander on leave from your militant order, a youthful noble eager to apply years of training to life outside the castle walls, a calculating mercenary captain, or a courageous marshal of the borderlands who fights to protect the frontier. Regardless of your background, you are a skillful warrior with an uncanny gift for leadership.</p>\r\n<p>The weight of your armor is not a hindrance; it is a familiar comfort. The worn weapon grip molds to your hand as if it were a natural extension of your arm. It\u2019s time to fight and to lead.</p>"
        }
    }, 
    {
        "pk": 8, 
        "model": "character_builder.classtype", 
        "fields": {
            "favored_abilities": [
                3, 
                4, 
                5
            ], 
            "armor_proficiencies": [
                1
            ], 
            "name": "Wizard", 
            "weapon_proficiencies": [
                3
            ], 
            "skill_choices": 3, 
            "role_flavor": "\u201cI am the fire that burns, the choking fog, the storm that rains devastation on our foes.\u201d", 
            "source": 1, 
            "role": 1, 
            "trained_skills": [
                2
            ], 
            "description": "<p>Wizards are scions of arcane magic. Wizards tap the true power that permeates the cosmos, research esoteric rituals that can alter time and space, and hurl balls of fire that incinerate massed foes. Wizards wield spells the way warriors brandish swords.</p>\r\n<p>Magic lured you into its grasp, and now you seek to master it in turn. You could be a bespectacled sage searching for dusty tomes in forgotten sepulchers, a scarred war mage plying foes with fireballs and foul language in equal measure, a disgruntled apprentice who absconded with your master\u2019s spellbooks, an eladrin upholding the magical tradition of your race, or even a power-hungry student of magic who might do anything to learn a new spell.</p>\r\n<p>A cloak of spells enfolds you, ancient rituals bolster your senses, and runed implements of your craft hang from your belt. Effervescing arcane lore pulses through your consciousness, a constant pressure  craving release. When will you know enough magic to storm the ramparts of reality itself?</p>"
        }
    }, 
    {
        "pk": 1, 
        "model": "character_builder.defense", 
        "fields": {
            "abbreviation": "AC", 
            "name": "Armor Class"
        }
    }, 
    {
        "pk": 2, 
        "model": "character_builder.defense", 
        "fields": {
            "abbreviation": "Fort", 
            "name": "Fortitude"
        }
    }, 
    {
        "pk": 3, 
        "model": "character_builder.defense", 
        "fields": {
            "abbreviation": "Ref", 
            "name": "Reflex"
        }
    }, 
    {
        "pk": 4, 
        "model": "character_builder.defense", 
        "fields": {
            "abbreviation": "Will", 
            "name": "Willpower"
        }
    }, 
    {
        "pk": 1, 
        "model": "character_builder.classtypedefmod", 
        "fields": {
            "bonus": 2, 
            "defense": 4, 
            "class_type": 1
        }
    }, 
    {
        "pk": 2, 
        "model": "character_builder.classtypedefmod", 
        "fields": {
            "bonus": 2, 
            "defense": 2, 
            "class_type": 2
        }
    }, 
    {
        "pk": 3, 
        "model": "character_builder.classtypedefmod", 
        "fields": {
            "bonus": 1, 
            "defense": 2, 
            "class_type": 3
        }
    }, 
    {
        "pk": 4, 
        "model": "character_builder.classtypedefmod", 
        "fields": {
            "bonus": 1, 
            "defense": 3, 
            "class_type": 3
        }
    }, 
    {
        "pk": 5, 
        "model": "character_builder.classtypedefmod", 
        "fields": {
            "bonus": 1, 
            "defense": 4, 
            "class_type": 3
        }
    }, 
    {
        "pk": 6, 
        "model": "character_builder.classtypedefmod", 
        "fields": {
            "bonus": 1, 
            "defense": 2, 
            "class_type": 4
        }
    }, 
    {
        "pk": 7, 
        "model": "character_builder.classtypedefmod", 
        "fields": {
            "bonus": 1, 
            "defense": 3, 
            "class_type": 4
        }
    }, 
    {
        "pk": 8, 
        "model": "character_builder.classtypedefmod", 
        "fields": {
            "bonus": 2, 
            "defense": 3, 
            "class_type": 5
        }
    }, 
    {
        "pk": 9, 
        "model": "character_builder.classtypedefmod", 
        "fields": {
            "bonus": 1, 
            "defense": 3, 
            "class_type": 6
        }
    }, 
    {
        "pk": 10, 
        "model": "character_builder.classtypedefmod", 
        "fields": {
            "bonus": 1, 
            "defense": 4, 
            "class_type": 6
        }
    }, 
    {
        "pk": 11, 
        "model": "character_builder.classtypedefmod", 
        "fields": {
            "bonus": 1, 
            "defense": 2, 
            "class_type": 7
        }
    }, 
    {
        "pk": 12, 
        "model": "character_builder.classtypedefmod", 
        "fields": {
            "bonus": 1, 
            "defense": 4, 
            "class_type": 7
        }
    }, 
    {
        "pk": 13, 
        "model": "character_builder.classtypedefmod", 
        "fields": {
            "bonus": 2, 
            "defense": 4, 
            "class_type": 8
        }
    }, 
    {
        "pk": 1, 
        "model": "character_builder.classskill", 
        "fields": {
            "skill": 2, 
            "class_type": 1
        }
    }, 
    {
        "pk": 2, 
        "model": "character_builder.classskill", 
        "fields": {
            "skill": 5, 
            "class_type": 1
        }
    }, 
    {
        "pk": 3, 
        "model": "character_builder.classskill", 
        "fields": {
            "skill": 8, 
            "class_type": 1
        }
    }, 
    {
        "pk": 4, 
        "model": "character_builder.classskill", 
        "fields": {
            "skill": 9, 
            "class_type": 1
        }
    }, 
    {
        "pk": 5, 
        "model": "character_builder.classskill", 
        "fields": {
            "skill": 10, 
            "class_type": 1
        }
    }, 
    {
        "pk": 6, 
        "model": "character_builder.classskill", 
        "fields": {
            "skill": 14, 
            "class_type": 1
        }
    }, 
    {
        "pk": 7, 
        "model": "character_builder.classskill", 
        "fields": {
            "skill": 3, 
            "class_type": 2
        }
    }, 
    {
        "pk": 8, 
        "model": "character_builder.classskill", 
        "fields": {
            "skill": 7, 
            "class_type": 2
        }
    }, 
    {
        "pk": 9, 
        "model": "character_builder.classskill", 
        "fields": {
            "skill": 8, 
            "class_type": 2
        }
    }, 
    {
        "pk": 10, 
        "model": "character_builder.classskill", 
        "fields": {
            "skill": 11, 
            "class_type": 2
        }
    }, 
    {
        "pk": 11, 
        "model": "character_builder.classskill", 
        "fields": {
            "skill": 16, 
            "class_type": 2
        }
    }, 
    {
        "pk": 12, 
        "model": "character_builder.classskill", 
        "fields": {
            "skill": 5, 
            "class_type": 3
        }
    }, 
    {
        "pk": 13, 
        "model": "character_builder.classskill", 
        "fields": {
            "skill": 7, 
            "class_type": 3
        }
    }, 
    {
        "pk": 14, 
        "model": "character_builder.classskill", 
        "fields": {
            "skill": 8, 
            "class_type": 3
        }
    }, 
    {
        "pk": 15, 
        "model": "character_builder.classskill", 
        "fields": {
            "skill": 9, 
            "class_type": 3
        }
    }, 
    {
        "pk": 16, 
        "model": "character_builder.classskill", 
        "fields": {
            "skill": 10, 
            "class_type": 3
        }
    }, 
    {
        "pk": 17, 
        "model": "character_builder.classskill", 
        "fields": {
            "skill": 11, 
            "class_type": 3
        }
    }, 
    {
        "pk": 18, 
        "model": "character_builder.classskill", 
        "fields": {
            "skill": 14, 
            "class_type": 3
        }
    }, 
    {
        "pk": 19, 
        "model": "character_builder.classskill", 
        "fields": {
            "skill": 1, 
            "class_type": 4
        }
    }, 
    {
        "pk": 20, 
        "model": "character_builder.classskill", 
        "fields": {
            "skill": 3, 
            "class_type": 4
        }
    }, 
    {
        "pk": 21, 
        "model": "character_builder.classskill", 
        "fields": {
            "skill": 6, 
            "class_type": 4
        }
    }, 
    {
        "pk": 22, 
        "model": "character_builder.classskill", 
        "fields": {
            "skill": 7, 
            "class_type": 4
        }
    }, 
    {
        "pk": 23, 
        "model": "character_builder.classskill", 
        "fields": {
            "skill": 8, 
            "class_type": 4
        }
    }, 
    {
        "pk": 24, 
        "model": "character_builder.classskill", 
        "fields": {
            "skill": 12, 
            "class_type": 4
        }
    }, 
    {
        "pk": 25, 
        "model": "character_builder.classskill", 
        "fields": {
            "skill": 13, 
            "class_type": 4
        }
    }, 
    {
        "pk": 26, 
        "model": "character_builder.classskill", 
        "fields": {
            "skill": 15, 
            "class_type": 4
        }
    }, 
    {
        "pk": 27, 
        "model": "character_builder.classskill", 
        "fields": {
            "skill": 2, 
            "class_type": 8
        }
    }, 
    {
        "pk": 28, 
        "model": "character_builder.classskill", 
        "fields": {
            "skill": 5, 
            "class_type": 8
        }
    }, 
    {
        "pk": 29, 
        "model": "character_builder.classskill", 
        "fields": {
            "skill": 6, 
            "class_type": 8
        }
    }, 
    {
        "pk": 30, 
        "model": "character_builder.classskill", 
        "fields": {
            "skill": 9, 
            "class_type": 8
        }
    }, 
    {
        "pk": 31, 
        "model": "character_builder.classskill", 
        "fields": {
            "skill": 10, 
            "class_type": 8
        }
    }, 
    {
        "pk": 32, 
        "model": "character_builder.classskill", 
        "fields": {
            "skill": 12, 
            "class_type": 8
        }
    }, 
    {
        "pk": 33, 
        "model": "character_builder.classskill", 
        "fields": {
            "skill": 14, 
            "class_type": 8
        }
    }, 
    {
        "pk": 34, 
        "model": "character_builder.classskill", 
        "fields": {
            "skill": 3, 
            "class_type": 7
        }
    }, 
    {
        "pk": 35, 
        "model": "character_builder.classskill", 
        "fields": {
            "skill": 5, 
            "class_type": 7
        }
    }, 
    {
        "pk": 36, 
        "model": "character_builder.classskill", 
        "fields": {
            "skill": 7, 
            "class_type": 7
        }
    }, 
    {
        "pk": 37, 
        "model": "character_builder.classskill", 
        "fields": {
            "skill": 8, 
            "class_type": 7
        }
    }, 
    {
        "pk": 38, 
        "model": "character_builder.classskill", 
        "fields": {
            "skill": 9, 
            "class_type": 7
        }
    }, 
    {
        "pk": 39, 
        "model": "character_builder.classskill", 
        "fields": {
            "skill": 11, 
            "class_type": 7
        }
    }, 
    {
        "pk": 40, 
        "model": "character_builder.classskill", 
        "fields": {
            "skill": 2, 
            "class_type": 6
        }
    }, 
    {
        "pk": 41, 
        "model": "character_builder.classskill", 
        "fields": {
            "skill": 4, 
            "class_type": 6
        }
    }, 
    {
        "pk": 42, 
        "model": "character_builder.classskill", 
        "fields": {
            "skill": 9, 
            "class_type": 6
        }
    }, 
    {
        "pk": 43, 
        "model": "character_builder.classskill", 
        "fields": {
            "skill": 10, 
            "class_type": 6
        }
    }, 
    {
        "pk": 44, 
        "model": "character_builder.classskill", 
        "fields": {
            "skill": 11, 
            "class_type": 6
        }
    }, 
    {
        "pk": 45, 
        "model": "character_builder.classskill", 
        "fields": {
            "skill": 14, 
            "class_type": 6
        }
    }, 
    {
        "pk": 46, 
        "model": "character_builder.classskill", 
        "fields": {
            "skill": 16, 
            "class_type": 6
        }
    }, 
    {
        "pk": 47, 
        "model": "character_builder.classskill", 
        "fields": {
            "skill": 16, 
            "class_type": 6
        }
    }, 
    {
        "pk": 48, 
        "model": "character_builder.classskill", 
        "fields": {
            "skill": 1, 
            "class_type": 5
        }
    }, 
    {
        "pk": 49, 
        "model": "character_builder.classskill", 
        "fields": {
            "skill": 3, 
            "class_type": 5
        }
    }, 
    {
        "pk": 50, 
        "model": "character_builder.classskill", 
        "fields": {
            "skill": 4, 
            "class_type": 5
        }
    }, 
    {
        "pk": 51, 
        "model": "character_builder.classskill", 
        "fields": {
            "skill": 6, 
            "class_type": 5
        }
    }, 
    {
        "pk": 52, 
        "model": "character_builder.classskill", 
        "fields": {
            "skill": 10, 
            "class_type": 5
        }
    }, 
    {
        "pk": 53, 
        "model": "character_builder.classskill", 
        "fields": {
            "skill": 11, 
            "class_type": 5
        }
    }, 
    {
        "pk": 54, 
        "model": "character_builder.classskill", 
        "fields": {
            "skill": 13, 
            "class_type": 5
        }
    }, 
    {
        "pk": 55, 
        "model": "character_builder.classskill", 
        "fields": {
            "skill": 15, 
            "class_type": 5
        }
    }, 
    {
        "pk": 56, 
        "model": "character_builder.classskill", 
        "fields": {
            "skill": 16, 
            "class_type": 5
        }
    }, 
    {
        "pk": 57, 
        "model": "character_builder.classskill", 
        "fields": {
            "skill": 17, 
            "class_type": 5
        }
    }, 
    {
        "pk": 1, 
        "model": "character_builder.abilityprerequisite", 
        "fields": {
            "ability": 3, 
            "value": 15
        }
    }, 
    {
        "pk": 1, 
        "model": "character_builder.alignment", 
        "fields": {
            "name": "Good", 
            "description": "Freedom and kindness."
        }
    }, 
    {
        "pk": 2, 
        "model": "character_builder.alignment", 
        "fields": {
            "name": "Lawful Good", 
            "description": "Civilization and order."
        }
    }, 
    {
        "pk": 3, 
        "model": "character_builder.alignment", 
        "fields": {
            "name": "Evil", 
            "description": "Tyranny and hatred."
        }
    }, 
    {
        "pk": 4, 
        "model": "character_builder.alignment", 
        "fields": {
            "name": "Chaotic Evil", 
            "description": "Entropy and destruction."
        }
    }, 
    {
        "pk": 5, 
        "model": "character_builder.alignment", 
        "fields": {
            "name": "Unaligned", 
            "description": "Having no alignment; not taking a stand."
        }
    }, 
    {
        "pk": 1, 
        "model": "character_builder.level", 
        "fields": {
            "xp_required": 0, 
            "number": 1
        }
    }, 
    {
        "pk": 2, 
        "model": "character_builder.level", 
        "fields": {
            "xp_required": 1000, 
            "number": 2
        }
    }, 
    {
        "pk": 3, 
        "model": "character_builder.level", 
        "fields": {
            "xp_required": 2250, 
            "number": 3
        }
    }, 
    {
        "pk": 4, 
        "model": "character_builder.level", 
        "fields": {
            "xp_required": 3750, 
            "number": 4
        }
    }, 
    {
        "pk": 5, 
        "model": "character_builder.level", 
        "fields": {
            "xp_required": 5500, 
            "number": 5
        }
    }, 
    {
        "pk": 6, 
        "model": "character_builder.level", 
        "fields": {
            "xp_required": 7500, 
            "number": 6
        }
    }, 
    {
        "pk": 7, 
        "model": "character_builder.level", 
        "fields": {
            "xp_required": 10000, 
            "number": 7
        }
    }, 
    {
        "pk": 8, 
        "model": "character_builder.level", 
        "fields": {
            "xp_required": 13000, 
            "number": 8
        }
    }, 
    {
        "pk": 9, 
        "model": "character_builder.level", 
        "fields": {
            "xp_required": 16500, 
            "number": 9
        }
    }, 
    {
        "pk": 10, 
        "model": "character_builder.level", 
        "fields": {
            "xp_required": 20500, 
            "number": 10
        }
    }, 
    {
        "pk": 11, 
        "model": "character_builder.level", 
        "fields": {
            "xp_required": 26000, 
            "number": 11
        }
    }, 
    {
        "pk": 12, 
        "model": "character_builder.level", 
        "fields": {
            "xp_required": 32000, 
            "number": 12
        }
    }, 
    {
        "pk": 13, 
        "model": "character_builder.level", 
        "fields": {
            "xp_required": 39000, 
            "number": 13
        }
    }, 
    {
        "pk": 14, 
        "model": "character_builder.level", 
        "fields": {
            "xp_required": 47000, 
            "number": 14
        }
    }, 
    {
        "pk": 15, 
        "model": "character_builder.level", 
        "fields": {
            "xp_required": 57000, 
            "number": 15
        }
    }, 
    {
        "pk": 16, 
        "model": "character_builder.level", 
        "fields": {
            "xp_required": 69000, 
            "number": 16
        }
    }, 
    {
        "pk": 17, 
        "model": "character_builder.level", 
        "fields": {
            "xp_required": 83000, 
            "number": 17
        }
    }, 
    {
        "pk": 18, 
        "model": "character_builder.level", 
        "fields": {
            "xp_required": 99000, 
            "number": 18
        }
    }, 
    {
        "pk": 19, 
        "model": "character_builder.level", 
        "fields": {
            "xp_required": 119000, 
            "number": 19
        }
    }, 
    {
        "pk": 20, 
        "model": "character_builder.level", 
        "fields": {
            "xp_required": 143000, 
            "number": 20
        }
    }, 
    {
        "pk": 21, 
        "model": "character_builder.level", 
        "fields": {
            "xp_required": 175000, 
            "number": 21
        }
    }, 
    {
        "pk": 22, 
        "model": "character_builder.level", 
        "fields": {
            "xp_required": 210000, 
            "number": 22
        }
    }, 
    {
        "pk": 23, 
        "model": "character_builder.level", 
        "fields": {
            "xp_required": 255000, 
            "number": 23
        }
    }, 
    {
        "pk": 24, 
        "model": "character_builder.level", 
        "fields": {
            "xp_required": 310000, 
            "number": 24
        }
    }, 
    {
        "pk": 25, 
        "model": "character_builder.level", 
        "fields": {
            "xp_required": 375000, 
            "number": 25
        }
    }, 
    {
        "pk": 26, 
        "model": "character_builder.level", 
        "fields": {
            "xp_required": 450000, 
            "number": 26
        }
    }, 
    {
        "pk": 27, 
        "model": "character_builder.level", 
        "fields": {
            "xp_required": 550000, 
            "number": 27
        }
    }, 
    {
        "pk": 28, 
        "model": "character_builder.level", 
        "fields": {
            "xp_required": 675000, 
            "number": 28
        }
    }, 
    {
        "pk": 29, 
        "model": "character_builder.level", 
        "fields": {
            "xp_required": 825000, 
            "number": 29
        }
    }, 
    {
        "pk": 30, 
        "model": "character_builder.level", 
        "fields": {
            "xp_required": 1000000, 
            "number": 30
        }
    }, 
    {
        "pk": 1, 
        "model": "character_builder.deity", 
        "fields": {
            "name": "Avandra", 
            "alignment": 1, 
            "description": "<p>The god of change, Avandra delights in freedom, trade, travel, adventure, and the frontier. Her temples are few in civilized lands, but her wayside shrines appear throughout the world. Halflings, merchants, and all types of adventurers are drawn to her worship, and many people raise a glass in her honor, viewing her as the god of luck. Her commandments are few:</p><p>\u2726 Luck favors the bold. Take your fate into your own hands, and Avandra smiles upon you.</p><p>\u2726 Strike back against those who would rob you of your freedom and urge others to fight for their own liberty.</p><p>\u2726 Change is inevitable, but it takes the work of the faithful to ensure that change is for the better."
        }
    }, 
    {
        "pk": 2, 
        "model": "character_builder.deity", 
        "fields": {
            "name": "Bahamut", 
            "alignment": 2, 
            "description": "<p>Called the Platinum Dragon, Bahamut is the god of justice, protection, nobility, and honor. Lawful good paladins often revere him, and metallic dragons worship him as the first of their kind. Monarchs are crowned in his name. He commands his followers thus:</p><p>\u2726 Uphold the highest ideals of honor and justice.</p><p>\u2726 Be constantly vigilant against evil and oppose it on all fronts.</p><p>\u2726 Protect the weak, liberate the oppressed, and defend just order."
        }
    }, 
    {
        "pk": 3, 
        "model": "character_builder.deity", 
        "fields": {
            "name": "Corellon", 
            "alignment": 5, 
            "description": "<p>The god of spring, beauty, and the arts, Corellon is the patron of arcane magic and the fey. He seeded the world with arcane magic and planted the most ancient forests. Artists and musicians worship him, as do those who view their spellcasting as an art, and his shrines can be found throughout the Feywild. He despises Lolth and her priestesses for leading the drow astray. He urges his followers thus:</p><p>\u2726 Cultivate beauty in all that you do, whether you\u2019re casting a spell, composing a saga, strumming a lute, or practicing the arts of war.</p><p>\u2726 Seek out lost magic items, forgotten rituals, and ancient works of art. Corellon might have inspired them in the world\u2019s first days.</p><p>\u2726 Thwart the followers of Lolth at every opportunity\r\n"
        }
    }, 
    {
        "pk": 4, 
        "model": "character_builder.deity", 
        "fields": {
            "name": "Erathis", 
            "alignment": 5, 
            "description": "<p>Erathis is the god of civilization. She is the muse of great invention, founder of cities, and author of laws. Rulers, judges, pioneers, and devoted citizens revere her, and her temples hold prominent places in most of the world\u2019s major cities. Her laws are many, but their purpose is straightforward:</p><p>\u2726 Work with others to achieve your goals. Community and order are always stronger than the disjointed efforts of lone individuals.</p><p>\u2726 Tame the wilderness to make it fit for habitation, and defend the light of civilization against the encroaching darkness.</p><p>\u2726 Seek out new ideas, new inventions, new lands to inhabit, new wilderness to conquer. "
        }
    }, 
    {
        "pk": 5, 
        "model": "character_builder.deity", 
        "fields": {
            "name": "Ioun", 
            "alignment": 5, 
            "description": "<p>Ioun is the god of knowledge, skill, and prophecy. Sages, seers, and tacticians revere her, as do all who live by their knowledge and mental power. Corellon is the patron of arcane magic, but Ioun is the patron of its study. Libraries and wizard academies are built in her name. Her commands are also teachings:</p><p>\u2726 Seek the perfection of your mind by bringing reason, perception, and emotion into balance with one another.</p><p>\u2726 Accumulate, preserve, and distribute knowledge in all forms. Pursue education, build libraries, and seek out lost and ancient lore.</p><p>\u2726 Be watchful at all times for the followers of Vecna, who seek to control knowledge and keep secrets. Oppose their schemes, unmask their secrets, and blind them with the light of truth and reason."
        }
    }, 
    {
        "pk": 6, 
        "model": "character_builder.deity", 
        "fields": {
            "name": "Kord", 
            "alignment": 5, 
            "description": "<p>Kord is the storm god and the lord of battle. He revels in strength, battlefield prowess, and thunder. Fighters and athletes revere him. He is a mercurial god, unbridled and wild, who summons storms over land and sea; those who hope for better weather appease him with prayers and spirited toasts. He gives few commands:</p><p>\u2726 Be strong, but do not use your strength for wanton destruction.</p><p>\u2726 Be brave and scorn cowardice in any form.</p><p>\u2726 Prove your might in battle to win glory and renown."
        }
    }, 
    {
        "pk": 7, 
        "model": "character_builder.deity", 
        "fields": {
            "name": "Melora", 
            "alignment": 5, 
            "description": "<p>Melora is the god of the wilderness and the sea. She is both the wild beast and the peaceful forest, the raging whirlpool and the quiet desert. Rangers, hunters, and elves revere her, and sailors make offerings to her before beginning their voyages. Her strictures are these:</p><p>\u2726 Protect the wild places of the world from destruction and overuse. Oppose the rampant spread of cities and empires.</p><p>\u2726 Hunt aberrant monsters and other abominations of nature.</p><p>\u2726 Do not fear or condemn the savagery of nature. Live in harmony with the wild."
        }
    }, 
    {
        "pk": 8, 
        "model": "character_builder.deity", 
        "fields": {
            "name": "Moradin", 
            "alignment": 2, 
            "description": "<p>Moradin is the god of creation and patron of artisans, especially miners and smiths. He carved the mountains from primordial earth and is the guardian and protector of the hearth and the family. Dwarves from all walks of life follow him. He demands these behaviors of his followers:</p><p>\u2726 Meet adversity with stoicism and tenacity.</p><p>\u2726 Demonstrate loyalty to your family, your clan, your leaders, and your people.</p><p>\u2726 Strive to make a mark on the world, a lasting legacy. To make something that lasts is the highest good, whether you are a smith working at a forge or a ruler building a dynasty."
        }
    }, 
    {
        "pk": 9, 
        "model": "character_builder.deity", 
        "fields": {
            "name": "Pelor", 
            "alignment": 1, 
            "description": "<p>God of the sun and summer, Pelor is the keeper of time. He supports those in need and opposes all that is evil. As the lord of agriculture and the bountiful harvest, he is the deity most commonly worshiped by ordinary humans, and his priests are well received wherever they go. Paladins and rangers are found among his worshipers. He directs his followers thus:</p><p>\u2726 Alleviate suffering wherever you find it.<p></p><p>\u2726 Bring Pelor\u2019s light into places of darkness, showing kindness, mercy, and compassion.<p></p><p>\u2726 Be watchful against evil."
        }
    }, 
    {
        "pk": 10, 
        "model": "character_builder.deity", 
        "fields": {
            "name": "The Raven Queen", 
            "alignment": 5, 
            "description": "<p>The name of the god of death is long forgotten, but she is called the Raven Queen. She is the spinner of fate and the patron of winter. She marks the end of each mortal life, and mourners call upon her during funeral rites, in the hope that she will guard the departed from the curse of undeath. She expects her followers to abide by these commandments:</p><p>\u2726 Hold no pity for those who suffer and die, for death is the natural end of life.</p><p>\u2726 Bring down the proud who try to cast off the chains of fate. As the instrument of the Raven Queen, you must punish hubris where you find it.</p><p>\u2726 Watch for the cults of Orcus and stamp them out whenever they arise. The Demon Prince of the Undead seeks to claim the Raven Queen\u2019s throne.</p>"
        }
    }, 
    {
        "pk": 11, 
        "model": "character_builder.deity", 
        "fields": {
            "name": "Sehanine", 
            "alignment": 5, 
            "description": "<p>God of the moon and autumn, Sehanine is the patron of trickery and illusions. She has close ties to Corellon and Melora and is a favorite deity among elves and halflings. She is also the god of love, who sends shadows to cloak lovers\u2019 trysts. Scouts and thieves ask for her blessing on their work. Her teachings are simple:</p>\r\n<p>\u2726 Follow your goals and seek your own destiny.</p>\r\n<p>\u2726 Keep to the shadows, avoiding the blazing light of zealous good and the utter darkness of evil.</p>\r\n<p>\u2726 Seek new horizons and new experiences, and let nothing tie you down.</p>"
        }
    }, 
    {
        "pk": 1, 
        "model": "character_builder.classfeature", 
        "fields": {
            "name": "Hunter\u2019s Quarry", 
            "choices_json": null, 
            "passive_effects": "{}", 
            "requires_choice": false, 
            "benefit": "<p>Once per turn as a minor action, you can designate the enemy nearest to you as your quarry.</p>\r\n<p>Once per round, you deal extra damage to your quarry. The extra damage is based on your level. If you can make multiple attacks in a round, you decide which attack to apply the extra damage to after all the attacks are rolled.</p>\r\n<p>The hunter\u2019s quarry effect remains active until the end of the encounter, until the quarry is defeated, or until you designate a different target as your quarry. </p>\r\n<p>You can designate one enemy as your quarry at a time.</p>\r\n<table>\r\n  <thead>\r\n    <tr>\r\n      <th>Level</th>\r\n      <th>Hunter's Quarry Extra Damage</th>\r\n    </tr>\r\n  </thead>\r\n  <tbody>\r\n    <tr>\r\n      <td>1-10th</td>\r\n      <td>+1d6</td>\r\n    </tr>\r\n    <tr>\r\n      <td>11-20th</td>\r\n      <td>+2d6</td>\r\n    </tr>\r\n    <tr>\r\n      <td>21-30th</td>\r\n      <td>+3d6</td>\r\n    </tr>\r\n  </tbody>\r\n</table>\r\n", 
            "has_passive_effects": false, 
            "class_type": 4
        }
    }, 
    {
        "pk": 2, 
        "model": "character_builder.classfeature", 
        "fields": {
            "name": "Fake Wizard Shit", 
            "choices_json": "[\"One\", \"two\", \"three\"]", 
            "passive_effects": "{}", 
            "requires_choice": true, 
            "benefit": "Doesn't do a damn thing.", 
            "has_passive_effects": false, 
            "class_type": 8
        }
    }, 
    {
        "pk": 1, 
        "model": "character_builder.racefeature", 
        "fields": {
            "name": "Eladrin Education", 
            "choices_json": null, 
            "passive_effects": "{}", 
            "requires_choice": false, 
            "benefit": "You gain training in one additional skill.", 
            "race": 3, 
            "has_passive_effects": false
        }
    }, 
    {
        "pk": 2, 
        "model": "character_builder.racefeature", 
        "fields": {
            "name": "Eladrin Weapon Proficiency", 
            "choices_json": null, 
            "passive_effects": "{\"Weapon Proficiency\": [\"Longsword\"]}", 
            "requires_choice": false, 
            "benefit": "You gain proficiency with the longsword.", 
            "race": 3, 
            "has_passive_effects": true
        }
    }, 
    {
        "pk": 3, 
        "model": "character_builder.racefeature", 
        "fields": {
            "name": "Eladrin Will", 
            "choices_json": null, 
            "passive_effects": "{\"Defense\": [{\"Willpower\": 1}]}", 
            "requires_choice": false, 
            "benefit": "You gain a +1 racial bonus to your Will defense. In addition, you gain a +5 racial bonus to saving throws against charm effects.", 
            "race": 3, 
            "has_passive_effects": true
        }
    }, 
    {
        "pk": 4, 
        "model": "character_builder.racefeature", 
        "fields": {
            "name": "Fey Origin", 
            "choices_json": null, 
            "passive_effects": "{}", 
            "requires_choice": false, 
            "benefit": "Your ancestors were native to the Feywild, so you are considered a fey creature for the purpose of effects that relate to creature origin.", 
            "race": 3, 
            "has_passive_effects": false
        }
    }, 
    {
        "pk": 5, 
        "model": "character_builder.racefeature", 
        "fields": {
            "name": "Trance", 
            "choices_json": null, 
            "passive_effects": "{}", 
            "requires_choice": false, 
            "benefit": "Rather than sleep, eladrin enter a meditative state known as trance. You need to spend 4 hours in this state to gain the same benefits other races gain from taking a 6-hour extended rest. While in a trance, you are fully aware of your surroundings and notice approaching enemies and other events as normal.", 
            "race": 3, 
            "has_passive_effects": false
        }
    }, 
    {
        "pk": 6, 
        "model": "character_builder.racefeature", 
        "fields": {
            "name": "Fey Step", 
            "choices_json": null, 
            "passive_effects": "{}", 
            "requires_choice": false, 
            "benefit": "You can use Fey Step as an encounter power.", 
            "race": 3, 
            "has_passive_effects": false
        }
    }, 
    {
        "pk": 7, 
        "model": "character_builder.racefeature", 
        "fields": {
            "name": "Cast-Iron Stomach", 
            "choices_json": null, 
            "passive_effects": "{}", 
            "requires_choice": false, 
            "benefit": "+5 racial bonus to saving throws against poison.", 
            "race": 2, 
            "has_passive_effects": false
        }
    }, 
    {
        "pk": 8, 
        "model": "character_builder.racefeature", 
        "fields": {
            "name": "Dwarven Resilience", 
            "choices_json": null, 
            "passive_effects": "{}", 
            "requires_choice": false, 
            "benefit": "You can use your second wind as a minor action instead of a standard action.", 
            "race": 2, 
            "has_passive_effects": false
        }
    }, 
    {
        "pk": 9, 
        "model": "character_builder.racefeature", 
        "fields": {
            "name": "Dwarven Weapon Proficiency", 
            "choices_json": null, 
            "passive_effects": "{\"Weapon Proficiency\": [\"Warhammer\", \"Throwing hammer\"]}", 
            "requires_choice": false, 
            "benefit": "You gain proficiency with the throwing hammer and the warhammer.", 
            "race": 2, 
            "has_passive_effects": true
        }
    }, 
    {
        "pk": 10, 
        "model": "character_builder.racefeature", 
        "fields": {
            "name": "Encumbered Speed", 
            "choices_json": null, 
            "passive_effects": "{}", 
            "requires_choice": false, 
            "benefit": "You move at your normal speed even when it would normally be reduced by armor or a heavy load. Other effects that limit speed (such as difficult terrain or magical effects) affect you normally.", 
            "race": 2, 
            "has_passive_effects": false
        }
    }, 
    {
        "pk": 11, 
        "model": "character_builder.racefeature", 
        "fields": {
            "name": "Stand Your Ground", 
            "choices_json": null, 
            "passive_effects": "{}", 
            "requires_choice": false, 
            "benefit": "When an effect forces you to move\u2014through a pull, a push, or a slide\u2014you can move 1 square less than the effect specifies. This means an effect that normally pulls, pushes, or slides a target 1 square does not force you to move unless you want to.\r\nIn addition, when an attack would knock you prone, you can immediately make a saving throw to avoid falling prone.", 
            "race": 2, 
            "has_passive_effects": false
        }
    }, 
    {
        "pk": 12, 
        "model": "character_builder.racefeature", 
        "fields": {
            "name": "Dilettante", 
            "choices_json": null, 
            "passive_effects": "{}", 
            "requires_choice": false, 
            "benefit": "At 1st level, you choose an at-will power from a class different from yours. You can use that power as an encounter power.", 
            "race": 5, 
            "has_passive_effects": false
        }
    }, 
    {
        "pk": 13, 
        "model": "character_builder.racefeature", 
        "fields": {
            "name": "Dual Heritage", 
            "choices_json": null, 
            "passive_effects": "{}", 
            "requires_choice": false, 
            "benefit": "You can take feats that have either elf or human as a prerequisite (as well as those specifically for half-elves), as long as you meet any other requirements.", 
            "race": 5, 
            "has_passive_effects": false
        }
    }, 
    {
        "pk": 14, 
        "model": "character_builder.racefeature", 
        "fields": {
            "name": "Group Diplomacy", 
            "choices_json": null, 
            "passive_effects": "{}", 
            "requires_choice": false, 
            "benefit": "You grant allies within 10 squares of you a +1 racial bonus to Diplomacy checks.", 
            "race": 5, 
            "has_passive_effects": false
        }
    }, 
    {
        "pk": 15, 
        "model": "character_builder.racefeature", 
        "fields": {
            "name": "Bold", 
            "choices_json": null, 
            "passive_effects": "{}", 
            "requires_choice": false, 
            "benefit": "You gain a +5 racial bonus to saving throws against fear.", 
            "race": 6, 
            "has_passive_effects": false
        }
    }, 
    {
        "pk": 16, 
        "model": "character_builder.racefeature", 
        "fields": {
            "name": "Nimble Reaction", 
            "choices_json": null, 
            "passive_effects": "{}", 
            "requires_choice": false, 
            "benefit": "You gain a +2 racial bonus to AC against opportunity attacks.", 
            "race": 6, 
            "has_passive_effects": false
        }
    }, 
    {
        "pk": 17, 
        "model": "character_builder.racefeature", 
        "fields": {
            "name": "Second Chance", 
            "choices_json": null, 
            "passive_effects": "{}", 
            "requires_choice": false, 
            "benefit": "You can use second chance as an encounter power.", 
            "race": 6, 
            "has_passive_effects": false
        }
    }, 
    {
        "pk": 18, 
        "model": "character_builder.racefeature", 
        "fields": {
            "name": "Bonus At-Will Power", 
            "choices_json": null, 
            "passive_effects": "{}", 
            "requires_choice": false, 
            "benefit": "You know one extra at-will power from your class.", 
            "race": 17, 
            "has_passive_effects": false
        }
    }, 
    {
        "pk": 19, 
        "model": "character_builder.racefeature", 
        "fields": {
            "name": "Bonus Feat", 
            "choices_json": null, 
            "passive_effects": "{}", 
            "requires_choice": false, 
            "benefit": "You gain a bonus feat at 1st level. You must meet the feat's prerequisites.", 
            "race": 17, 
            "has_passive_effects": false
        }
    }, 
    {
        "pk": 20, 
        "model": "character_builder.racefeature", 
        "fields": {
            "name": "Bonus Skill", 
            "choices_json": null, 
            "passive_effects": "{}", 
            "requires_choice": false, 
            "benefit": "You gain training in one additional skill from your class skill list.", 
            "race": 17, 
            "has_passive_effects": false
        }
    }, 
    {
        "pk": 21, 
        "model": "character_builder.racefeature", 
        "fields": {
            "name": "Human Defense Bonuses", 
            "choices_json": null, 
            "passive_effects": "{\"Defense\": [{\"Fortitude\": 1}, {\"Reflex\": 1}, {\"Willpower\": 1}]}", 
            "requires_choice": false, 
            "benefit": "+1 to Fortitude, Reflex, and Will defenses.", 
            "race": 17, 
            "has_passive_effects": true
        }
    }, 
    {
        "pk": 1, 
        "model": "character_builder.power", 
        "fields": {
            "hit": "", 
            "class_type": null, 
            "level": 0, 
            "power_type": 9, 
            "effect": "Reroll an attack roll. Use the second roll, even if it's lower.", 
            "attack": "", 
            "target": "", 
            "keywords": "Encounter, Free Action, Personal", 
            "flavor": "With an instant of focus, you take careful aim at your foe and strike with the legendary accuracy of the elves.", 
            "miss": "", 
            "special": "", 
            "name": "Elven Accuracy"
        }
    }, 
    {
        "pk": 2, 
        "model": "character_builder.power", 
        "fields": {
            "hit": "", 
            "class_type": null, 
            "level": 0, 
            "power_type": 9, 
            "effect": "Teleport up to 5 squares.", 
            "attack": "", 
            "target": "", 
            "keywords": "Encounter; Teleportation; Move Action; Personal", 
            "flavor": "With a step, you vanish from one place and appear in another.", 
            "miss": "", 
            "special": "", 
            "name": "Fey Step"
        }
    }, 
    {
        "pk": 3, 
        "model": "character_builder.power", 
        "fields": {
            "hit": "1d6 + Constitution modifier damage.\r\nIncrease to +4 bonus and 2d6 + Constitution modifier damage at 11th level, and to +6 bonus and 3d6 + Constitution modifier damage at 21st level.", 
            "class_type": null, 
            "level": 0, 
            "power_type": 9, 
            "effect": "", 
            "attack": "Strength +2 vs. Reflex, Constitution +2 vs. Reflex, or Dexterity +2 vs. Reflex", 
            "target": "All creatures in area", 
            "keywords": "Encounter; Acid, Cold, Fire, Lightning, or Poison; Minor Action; Close blast 3", 
            "flavor": "As you open your mouth with a roar, the deadly power of your draconic kin blasts forth to engulf your foes.", 
            "miss": "", 
            "special": "When you create you character, choose Strength, Constitution, or Dexterity as the ability score you use when making attack rolls with this power. You also choose the power's damage type: acid, cold, fire, lightning, or poison. These two choices remain throughout your character's life and do not change with the power's other effects.", 
            "name": "Dragon Breath"
        }
    }, 
    {
        "pk": 1, 
        "model": "character_builder.feat", 
        "fields": {
            "power_benefit": null, 
            "req_ability": [], 
            "name": "Action Surge", 
            "req_class_feat": null, 
            "req_deity": null, 
            "req_race": 17, 
            "benefit": "You gain a +3 bonus to attack rolls you make during any action you gained by spending an action point.", 
            "req_armor": null, 
            "req_class_type": null
        }
    }, 
    {
        "pk": 2, 
        "model": "character_builder.feat", 
        "fields": {
            "power_benefit": null, 
            "req_ability": [
                1
            ], 
            "name": "Agile Hunter", 
            "req_class_feat": 1, 
            "req_deity": null, 
            "req_race": null, 
            "benefit": "When you score a critical hit with a melee attack against the target of your Hunter\u2019s Quarry, you can shift as a free action, and the enemy takes a \u20132 penalty on attack rolls against you until the end of your next turn.", 
            "req_armor": null, 
            "req_class_type": 4
        }
    }, 
    {
        "pk": 1, 
        "model": "character_builder.currency", 
        "fields": {
            "abbreviation": "cp", 
            "name": "Copper Piece", 
            "weight": "0.32"
        }
    }, 
    {
        "pk": 2, 
        "model": "character_builder.currency", 
        "fields": {
            "abbreviation": "sp", 
            "name": "Silver Piece", 
            "weight": "0.32"
        }
    }, 
    {
        "pk": 3, 
        "model": "character_builder.currency", 
        "fields": {
            "abbreviation": "gp", 
            "name": "Gold Piece", 
            "weight": "0.32"
        }
    }, 
    {
        "pk": 4, 
        "model": "character_builder.currency", 
        "fields": {
            "abbreviation": "pp", 
            "name": "Platinum Piece", 
            "weight": "0.32"
        }
    }, 
    {
        "pk": 5, 
        "model": "character_builder.currency", 
        "fields": {
            "abbreviation": "ad", 
            "name": "Astral Diamond", 
            "weight": "0.032"
        }
    }, 
    {
        "pk": 1, 
        "model": "character_builder.currencyexchange", 
        "fields": {
            "currency_from": 1, 
            "currency_to": 2, 
            "exchange_rate": "0.1"
        }
    }, 
    {
        "pk": 2, 
        "model": "character_builder.currencyexchange", 
        "fields": {
            "currency_from": 1, 
            "currency_to": 3, 
            "exchange_rate": "0.01"
        }
    }, 
    {
        "pk": 3, 
        "model": "character_builder.currencyexchange", 
        "fields": {
            "currency_from": 1, 
            "currency_to": 4, 
            "exchange_rate": "0.0001"
        }
    }, 
    {
        "pk": 4, 
        "model": "character_builder.currencyexchange", 
        "fields": {
            "currency_from": 1, 
            "currency_to": 5, 
            "exchange_rate": "0.0000010"
        }
    }, 
    {
        "pk": 5, 
        "model": "character_builder.currencyexchange", 
        "fields": {
            "currency_from": 1, 
            "currency_to": 1, 
            "exchange_rate": "1"
        }
    }, 
    {
        "pk": 6, 
        "model": "character_builder.currencyexchange", 
        "fields": {
            "currency_from": 2, 
            "currency_to": 1, 
            "exchange_rate": "10"
        }
    }, 
    {
        "pk": 7, 
        "model": "character_builder.currencyexchange", 
        "fields": {
            "currency_from": 2, 
            "currency_to": 2, 
            "exchange_rate": "1"
        }
    }, 
    {
        "pk": 8, 
        "model": "character_builder.currencyexchange", 
        "fields": {
            "currency_from": 2, 
            "currency_to": 3, 
            "exchange_rate": "0.1"
        }
    }, 
    {
        "pk": 9, 
        "model": "character_builder.currencyexchange", 
        "fields": {
            "currency_from": 2, 
            "currency_to": 4, 
            "exchange_rate": "0.001"
        }
    }, 
    {
        "pk": 10, 
        "model": "character_builder.currencyexchange", 
        "fields": {
            "currency_from": 2, 
            "currency_to": 5, 
            "exchange_rate": "0.000010"
        }
    }, 
    {
        "pk": 11, 
        "model": "character_builder.currencyexchange", 
        "fields": {
            "currency_from": 3, 
            "currency_to": 1, 
            "exchange_rate": "100"
        }
    }, 
    {
        "pk": 12, 
        "model": "character_builder.currencyexchange", 
        "fields": {
            "currency_from": 3, 
            "currency_to": 2, 
            "exchange_rate": "10"
        }
    }, 
    {
        "pk": 13, 
        "model": "character_builder.currencyexchange", 
        "fields": {
            "currency_from": 3, 
            "currency_to": 3, 
            "exchange_rate": "1"
        }
    }, 
    {
        "pk": 14, 
        "model": "character_builder.currencyexchange", 
        "fields": {
            "currency_from": 3, 
            "currency_to": 4, 
            "exchange_rate": "0.01"
        }
    }, 
    {
        "pk": 15, 
        "model": "character_builder.currencyexchange", 
        "fields": {
            "currency_from": 3, 
            "currency_to": 5, 
            "exchange_rate": "0.0001"
        }
    }, 
    {
        "pk": 16, 
        "model": "character_builder.currencyexchange", 
        "fields": {
            "currency_from": 4, 
            "currency_to": 1, 
            "exchange_rate": "10000"
        }
    }, 
    {
        "pk": 17, 
        "model": "character_builder.currencyexchange", 
        "fields": {
            "currency_from": 4, 
            "currency_to": 2, 
            "exchange_rate": "1000"
        }
    }, 
    {
        "pk": 18, 
        "model": "character_builder.currencyexchange", 
        "fields": {
            "currency_from": 4, 
            "currency_to": 3, 
            "exchange_rate": "100"
        }
    }, 
    {
        "pk": 19, 
        "model": "character_builder.currencyexchange", 
        "fields": {
            "currency_from": 4, 
            "currency_to": 4, 
            "exchange_rate": "1"
        }
    }, 
    {
        "pk": 20, 
        "model": "character_builder.currencyexchange", 
        "fields": {
            "currency_from": 4, 
            "currency_to": 5, 
            "exchange_rate": "0.01"
        }
    }, 
    {
        "pk": 21, 
        "model": "character_builder.currencyexchange", 
        "fields": {
            "currency_from": 5, 
            "currency_to": 1, 
            "exchange_rate": "1000000"
        }
    }, 
    {
        "pk": 22, 
        "model": "character_builder.currencyexchange", 
        "fields": {
            "currency_from": 5, 
            "currency_to": 2, 
            "exchange_rate": "100000"
        }
    }, 
    {
        "pk": 23, 
        "model": "character_builder.currencyexchange", 
        "fields": {
            "currency_from": 5, 
            "currency_to": 3, 
            "exchange_rate": "10000"
        }
    }, 
    {
        "pk": 24, 
        "model": "character_builder.currencyexchange", 
        "fields": {
            "currency_from": 5, 
            "currency_to": 4, 
            "exchange_rate": "100"
        }
    }, 
    {
        "pk": 25, 
        "model": "character_builder.currencyexchange", 
        "fields": {
            "currency_from": 5, 
            "currency_to": 5, 
            "exchange_rate": "1"
        }
    }, 
    {
        "pk": 1, 
        "model": "character_builder.character", 
        "fields": {
            "class_type": 1, 
            "weight": "180", 
            "gender": 2, 
            "age": 28, 
            "height": "5' 10\"", 
            "race": 4, 
            "slug_name": "vaygun", 
            "user": 1, 
            "hit_points": 0, 
            "xp": 0, 
            "deity": 1, 
            "alignment": 1, 
            "name": "Vaygun"
        }
    }, 
    {
        "pk": 3, 
        "model": "character_builder.character", 
        "fields": {
            "class_type": 8, 
            "weight": "", 
            "gender": 3, 
            "age": null, 
            "height": "", 
            "race": 3, 
            "slug_name": "meriele", 
            "user": 3, 
            "hit_points": null, 
            "xp": 0, 
            "deity": 3, 
            "alignment": 5, 
            "name": "Meriele"
        }
    }, 
    {
        "pk": 6, 
        "model": "character_builder.character", 
        "fields": {
            "class_type": 1, 
            "weight": "86", 
            "gender": 3, 
            "age": 32, 
            "height": "4' 3\"", 
            "race": 6, 
            "slug_name": "maekju", 
            "user": 1, 
            "hit_points": null, 
            "xp": 0, 
            "deity": 5, 
            "alignment": 5, 
            "name": "Maekju"
        }
    }, 
    {
        "pk": 7, 
        "model": "character_builder.character", 
        "fields": {
            "class_type": 4, 
            "weight": "", 
            "gender": 2, 
            "age": 27, 
            "height": "", 
            "race": 17, 
            "slug_name": "zed", 
            "user": 1, 
            "hit_points": null, 
            "xp": 0, 
            "deity": 10, 
            "alignment": 5, 
            "name": "Zed"
        }
    }, 
    {
        "pk": 8, 
        "model": "character_builder.character", 
        "fields": {
            "class_type": 2, 
            "weight": "250", 
            "gender": 2, 
            "age": 28, 
            "height": "4' 9\"", 
            "race": 2, 
            "slug_name": "gerlof", 
            "user": 1, 
            "hit_points": null, 
            "xp": 0, 
            "deity": 8, 
            "alignment": 1, 
            "name": "Gerlof"
        }
    }, 
    {
        "pk": 9, 
        "model": "character_builder.character", 
        "fields": {
            "class_type": 3, 
            "weight": "180", 
            "gender": 3, 
            "age": 20, 
            "height": "5' 6\"", 
            "race": 5, 
            "slug_name": "roux", 
            "user": 1, 
            "hit_points": null, 
            "xp": 0, 
            "deity": 7, 
            "alignment": 5, 
            "name": "Roux"
        }
    }, 
    {
        "pk": 1, 
        "model": "character_builder.charactercurrency", 
        "fields": {
            "currency_type": 3, 
            "amount": 98, 
            "character": 1
        }
    }, 
    {
        "pk": 2, 
        "model": "character_builder.charactercurrency", 
        "fields": {
            "currency_type": 2, 
            "amount": 10, 
            "character": 1
        }
    }, 
    {
        "pk": 3, 
        "model": "character_builder.charactercurrency", 
        "fields": {
            "currency_type": 1, 
            "amount": 100, 
            "character": 1
        }
    }, 
    {
        "pk": 1, 
        "model": "character_builder.characterability", 
        "fields": {
            "character": 1, 
            "ability": 2, 
            "value": 10
        }
    }, 
    {
        "pk": 2, 
        "model": "character_builder.characterability", 
        "fields": {
            "character": 1, 
            "ability": 5, 
            "value": 16
        }
    }, 
    {
        "pk": 13, 
        "model": "character_builder.characterability", 
        "fields": {
            "character": 6, 
            "ability": 1, 
            "value": 14
        }
    }, 
    {
        "pk": 14, 
        "model": "character_builder.characterability", 
        "fields": {
            "character": 6, 
            "ability": 2, 
            "value": 12
        }
    }, 
    {
        "pk": 15, 
        "model": "character_builder.characterability", 
        "fields": {
            "character": 6, 
            "ability": 3, 
            "value": 12
        }
    }, 
    {
        "pk": 16, 
        "model": "character_builder.characterability", 
        "fields": {
            "character": 6, 
            "ability": 4, 
            "value": 11
        }
    }, 
    {
        "pk": 17, 
        "model": "character_builder.characterability", 
        "fields": {
            "character": 6, 
            "ability": 5, 
            "value": 16
        }
    }, 
    {
        "pk": 18, 
        "model": "character_builder.characterability", 
        "fields": {
            "character": 6, 
            "ability": 6, 
            "value": 15
        }
    }, 
    {
        "pk": 19, 
        "model": "character_builder.characterability", 
        "fields": {
            "character": 3, 
            "ability": 1, 
            "value": 11
        }
    }, 
    {
        "pk": 20, 
        "model": "character_builder.characterability", 
        "fields": {
            "character": 3, 
            "ability": 2, 
            "value": 12
        }
    }, 
    {
        "pk": 21, 
        "model": "character_builder.characterability", 
        "fields": {
            "character": 3, 
            "ability": 3, 
            "value": 15
        }
    }, 
    {
        "pk": 22, 
        "model": "character_builder.characterability", 
        "fields": {
            "character": 3, 
            "ability": 4, 
            "value": 18
        }
    }, 
    {
        "pk": 23, 
        "model": "character_builder.characterability", 
        "fields": {
            "character": 3, 
            "ability": 5, 
            "value": 14
        }
    }, 
    {
        "pk": 24, 
        "model": "character_builder.characterability", 
        "fields": {
            "character": 3, 
            "ability": 6, 
            "value": 10
        }
    }, 
    {
        "pk": 25, 
        "model": "character_builder.characterability", 
        "fields": {
            "character": 7, 
            "ability": 1, 
            "value": 18
        }
    }, 
    {
        "pk": 26, 
        "model": "character_builder.characterability", 
        "fields": {
            "character": 7, 
            "ability": 2, 
            "value": 12
        }
    }, 
    {
        "pk": 27, 
        "model": "character_builder.characterability", 
        "fields": {
            "character": 7, 
            "ability": 3, 
            "value": 14
        }
    }, 
    {
        "pk": 28, 
        "model": "character_builder.characterability", 
        "fields": {
            "character": 7, 
            "ability": 4, 
            "value": 10
        }
    }, 
    {
        "pk": 29, 
        "model": "character_builder.characterability", 
        "fields": {
            "character": 7, 
            "ability": 5, 
            "value": 13
        }
    }, 
    {
        "pk": 30, 
        "model": "character_builder.characterability", 
        "fields": {
            "character": 7, 
            "ability": 6, 
            "value": 11
        }
    }, 
    {
        "pk": 31, 
        "model": "character_builder.characterability", 
        "fields": {
            "character": 8, 
            "ability": 1, 
            "value": 14
        }
    }, 
    {
        "pk": 32, 
        "model": "character_builder.characterability", 
        "fields": {
            "character": 8, 
            "ability": 2, 
            "value": 18
        }
    }, 
    {
        "pk": 33, 
        "model": "character_builder.characterability", 
        "fields": {
            "character": 8, 
            "ability": 3, 
            "value": 11
        }
    }, 
    {
        "pk": 34, 
        "model": "character_builder.characterability", 
        "fields": {
            "character": 8, 
            "ability": 4, 
            "value": 10
        }
    }, 
    {
        "pk": 35, 
        "model": "character_builder.characterability", 
        "fields": {
            "character": 8, 
            "ability": 5, 
            "value": 15
        }
    }, 
    {
        "pk": 36, 
        "model": "character_builder.characterability", 
        "fields": {
            "character": 8, 
            "ability": 6, 
            "value": 12
        }
    }, 
    {
        "pk": 37, 
        "model": "character_builder.characterability", 
        "fields": {
            "character": 9, 
            "ability": 1, 
            "value": 14
        }
    }, 
    {
        "pk": 38, 
        "model": "character_builder.characterability", 
        "fields": {
            "character": 9, 
            "ability": 2, 
            "value": 14
        }
    }, 
    {
        "pk": 39, 
        "model": "character_builder.characterability", 
        "fields": {
            "character": 9, 
            "ability": 3, 
            "value": 11
        }
    }, 
    {
        "pk": 40, 
        "model": "character_builder.characterability", 
        "fields": {
            "character": 9, 
            "ability": 4, 
            "value": 10
        }
    }, 
    {
        "pk": 41, 
        "model": "character_builder.characterability", 
        "fields": {
            "character": 9, 
            "ability": 5, 
            "value": 13
        }
    }, 
    {
        "pk": 42, 
        "model": "character_builder.characterability", 
        "fields": {
            "character": 9, 
            "ability": 6, 
            "value": 18
        }
    }, 
    {
        "pk": 1, 
        "model": "character_builder.characterskill", 
        "fields": {
            "skill": 1, 
            "character": 3, 
            "is_trained": false, 
            "value": 2
        }
    }, 
    {
        "pk": 2, 
        "model": "character_builder.characterskill", 
        "fields": {
            "skill": 2, 
            "character": 3, 
            "is_trained": true, 
            "value": 11
        }
    }, 
    {
        "pk": 3, 
        "model": "character_builder.characterskill", 
        "fields": {
            "skill": 3, 
            "character": 3, 
            "is_trained": false, 
            "value": 0
        }
    }, 
    {
        "pk": 4, 
        "model": "character_builder.characterskill", 
        "fields": {
            "skill": 4, 
            "character": 3, 
            "is_trained": false, 
            "value": 0
        }
    }, 
    {
        "pk": 5, 
        "model": "character_builder.characterskill", 
        "fields": {
            "skill": 5, 
            "character": 3, 
            "is_trained": false, 
            "value": 0
        }
    }, 
    {
        "pk": 6, 
        "model": "character_builder.characterskill", 
        "fields": {
            "skill": 6, 
            "character": 3, 
            "is_trained": false, 
            "value": 2
        }
    }, 
    {
        "pk": 7, 
        "model": "character_builder.characterskill", 
        "fields": {
            "skill": 7, 
            "character": 3, 
            "is_trained": false, 
            "value": 1
        }
    }, 
    {
        "pk": 8, 
        "model": "character_builder.characterskill", 
        "fields": {
            "skill": 8, 
            "character": 3, 
            "is_trained": false, 
            "value": 2
        }
    }, 
    {
        "pk": 9, 
        "model": "character_builder.characterskill", 
        "fields": {
            "skill": 9, 
            "character": 3, 
            "is_trained": false, 
            "value": 6
        }
    }, 
    {
        "pk": 10, 
        "model": "character_builder.characterskill", 
        "fields": {
            "skill": 10, 
            "character": 3, 
            "is_trained": true, 
            "value": 7
        }
    }, 
    {
        "pk": 11, 
        "model": "character_builder.characterskill", 
        "fields": {
            "skill": 11, 
            "character": 3, 
            "is_trained": false, 
            "value": 0
        }
    }, 
    {
        "pk": 12, 
        "model": "character_builder.characterskill", 
        "fields": {
            "skill": 12, 
            "character": 3, 
            "is_trained": true, 
            "value": 7
        }
    }, 
    {
        "pk": 13, 
        "model": "character_builder.characterskill", 
        "fields": {
            "skill": 13, 
            "character": 3, 
            "is_trained": false, 
            "value": 2
        }
    }, 
    {
        "pk": 14, 
        "model": "character_builder.characterskill", 
        "fields": {
            "skill": 14, 
            "character": 3, 
            "is_trained": true, 
            "value": 9
        }
    }, 
    {
        "pk": 15, 
        "model": "character_builder.characterskill", 
        "fields": {
            "skill": 15, 
            "character": 3, 
            "is_trained": false, 
            "value": 2
        }
    }, 
    {
        "pk": 16, 
        "model": "character_builder.characterskill", 
        "fields": {
            "skill": 16, 
            "character": 3, 
            "is_trained": false, 
            "value": 0
        }
    }, 
    {
        "pk": 17, 
        "model": "character_builder.characterskill", 
        "fields": {
            "skill": 17, 
            "character": 3, 
            "is_trained": false, 
            "value": 2
        }
    }, 
    {
        "pk": 18, 
        "model": "character_builder.characterskill", 
        "fields": {
            "skill": 1, 
            "character": 8, 
            "is_trained": false, 
            "value": 0
        }
    }, 
    {
        "pk": 19, 
        "model": "character_builder.characterskill", 
        "fields": {
            "skill": 2, 
            "character": 8, 
            "is_trained": false, 
            "value": 0
        }
    }, 
    {
        "pk": 20, 
        "model": "character_builder.characterskill", 
        "fields": {
            "skill": 3, 
            "character": 8, 
            "is_trained": true, 
            "value": 7
        }
    }, 
    {
        "pk": 21, 
        "model": "character_builder.characterskill", 
        "fields": {
            "skill": 4, 
            "character": 8, 
            "is_trained": false, 
            "value": 1
        }
    }, 
    {
        "pk": 22, 
        "model": "character_builder.characterskill", 
        "fields": {
            "skill": 5, 
            "character": 8, 
            "is_trained": false, 
            "value": 1
        }
    }, 
    {
        "pk": 23, 
        "model": "character_builder.characterskill", 
        "fields": {
            "skill": 6, 
            "character": 8, 
            "is_trained": false, 
            "value": 4
        }
    }, 
    {
        "pk": 24, 
        "model": "character_builder.characterskill", 
        "fields": {
            "skill": 7, 
            "character": 8, 
            "is_trained": true, 
            "value": 11
        }
    }, 
    {
        "pk": 25, 
        "model": "character_builder.characterskill", 
        "fields": {
            "skill": 8, 
            "character": 8, 
            "is_trained": false, 
            "value": 2
        }
    }, 
    {
        "pk": 26, 
        "model": "character_builder.characterskill", 
        "fields": {
            "skill": 9, 
            "character": 8, 
            "is_trained": false, 
            "value": 0
        }
    }, 
    {
        "pk": 27, 
        "model": "character_builder.characterskill", 
        "fields": {
            "skill": 10, 
            "character": 8, 
            "is_trained": false, 
            "value": 2
        }
    }, 
    {
        "pk": 28, 
        "model": "character_builder.characterskill", 
        "fields": {
            "skill": 11, 
            "character": 8, 
            "is_trained": true, 
            "value": 6
        }
    }, 
    {
        "pk": 29, 
        "model": "character_builder.characterskill", 
        "fields": {
            "skill": 12, 
            "character": 8, 
            "is_trained": false, 
            "value": 2
        }
    }, 
    {
        "pk": 30, 
        "model": "character_builder.characterskill", 
        "fields": {
            "skill": 13, 
            "character": 8, 
            "is_trained": false, 
            "value": 2
        }
    }, 
    {
        "pk": 31, 
        "model": "character_builder.characterskill", 
        "fields": {
            "skill": 14, 
            "character": 8, 
            "is_trained": false, 
            "value": 0
        }
    }, 
    {
        "pk": 32, 
        "model": "character_builder.characterskill", 
        "fields": {
            "skill": 15, 
            "character": 8, 
            "is_trained": false, 
            "value": 0
        }
    }, 
    {
        "pk": 33, 
        "model": "character_builder.characterskill", 
        "fields": {
            "skill": 16, 
            "character": 8, 
            "is_trained": false, 
            "value": 1
        }
    }, 
    {
        "pk": 34, 
        "model": "character_builder.characterskill", 
        "fields": {
            "skill": 17, 
            "character": 8, 
            "is_trained": false, 
            "value": 0
        }
    }, 
    {
        "pk": 35, 
        "model": "character_builder.characterskill", 
        "fields": {
            "skill": 1, 
            "character": 9, 
            "is_trained": false, 
            "value": 0
        }
    }, 
    {
        "pk": 36, 
        "model": "character_builder.characterskill", 
        "fields": {
            "skill": 2, 
            "character": 9, 
            "is_trained": false, 
            "value": 0
        }
    }, 
    {
        "pk": 37, 
        "model": "character_builder.characterskill", 
        "fields": {
            "skill": 3, 
            "character": 9, 
            "is_trained": false, 
            "value": 2
        }
    }, 
    {
        "pk": 38, 
        "model": "character_builder.characterskill", 
        "fields": {
            "skill": 4, 
            "character": 9, 
            "is_trained": false, 
            "value": 4
        }
    }, 
    {
        "pk": 39, 
        "model": "character_builder.characterskill", 
        "fields": {
            "skill": 5, 
            "character": 9, 
            "is_trained": true, 
            "value": 11
        }
    }, 
    {
        "pk": 40, 
        "model": "character_builder.characterskill", 
        "fields": {
            "skill": 6, 
            "character": 9, 
            "is_trained": false, 
            "value": 1
        }
    }, 
    {
        "pk": 41, 
        "model": "character_builder.characterskill", 
        "fields": {
            "skill": 7, 
            "character": 9, 
            "is_trained": false, 
            "value": 2
        }
    }, 
    {
        "pk": 42, 
        "model": "character_builder.characterskill", 
        "fields": {
            "skill": 8, 
            "character": 9, 
            "is_trained": false, 
            "value": 1
        }
    }, 
    {
        "pk": 43, 
        "model": "character_builder.characterskill", 
        "fields": {
            "skill": 9, 
            "character": 9, 
            "is_trained": false, 
            "value": 0
        }
    }, 
    {
        "pk": 44, 
        "model": "character_builder.characterskill", 
        "fields": {
            "skill": 10, 
            "character": 9, 
            "is_trained": true, 
            "value": 8
        }
    }, 
    {
        "pk": 45, 
        "model": "character_builder.characterskill", 
        "fields": {
            "skill": 11, 
            "character": 9, 
            "is_trained": true, 
            "value": 9
        }
    }, 
    {
        "pk": 46, 
        "model": "character_builder.characterskill", 
        "fields": {
            "skill": 12, 
            "character": 9, 
            "is_trained": false, 
            "value": 1
        }
    }, 
    {
        "pk": 47, 
        "model": "character_builder.characterskill", 
        "fields": {
            "skill": 13, 
            "character": 9, 
            "is_trained": false, 
            "value": 1
        }
    }, 
    {
        "pk": 48, 
        "model": "character_builder.characterskill", 
        "fields": {
            "skill": 14, 
            "character": 9, 
            "is_trained": true, 
            "value": 5
        }
    }, 
    {
        "pk": 49, 
        "model": "character_builder.characterskill", 
        "fields": {
            "skill": 15, 
            "character": 9, 
            "is_trained": false, 
            "value": 0
        }
    }, 
    {
        "pk": 50, 
        "model": "character_builder.characterskill", 
        "fields": {
            "skill": 16, 
            "character": 9, 
            "is_trained": false, 
            "value": 4
        }
    }, 
    {
        "pk": 51, 
        "model": "character_builder.characterskill", 
        "fields": {
            "skill": 17, 
            "character": 9, 
            "is_trained": false, 
            "value": 0
        }
    }, 
    {
        "pk": 52, 
        "model": "character_builder.characterskill", 
        "fields": {
            "skill": 1, 
            "character": 6, 
            "is_trained": false, 
            "value": 3
        }
    }, 
    {
        "pk": 53, 
        "model": "character_builder.characterskill", 
        "fields": {
            "skill": 2, 
            "character": 6, 
            "is_trained": true, 
            "value": 5
        }
    }, 
    {
        "pk": 54, 
        "model": "character_builder.characterskill", 
        "fields": {
            "skill": 3, 
            "character": 6, 
            "is_trained": false, 
            "value": 2
        }
    }, 
    {
        "pk": 55, 
        "model": "character_builder.characterskill", 
        "fields": {
            "skill": 4, 
            "character": 6, 
            "is_trained": false, 
            "value": 2
        }
    }, 
    {
        "pk": 56, 
        "model": "character_builder.characterskill", 
        "fields": {
            "skill": 5, 
            "character": 6, 
            "is_trained": true, 
            "value": 7
        }
    }, 
    {
        "pk": 57, 
        "model": "character_builder.characterskill", 
        "fields": {
            "skill": 6, 
            "character": 6, 
            "is_trained": false, 
            "value": 3
        }
    }, 
    {
        "pk": 58, 
        "model": "character_builder.characterskill", 
        "fields": {
            "skill": 7, 
            "character": 6, 
            "is_trained": false, 
            "value": 1
        }
    }, 
    {
        "pk": 59, 
        "model": "character_builder.characterskill", 
        "fields": {
            "skill": 8, 
            "character": 6, 
            "is_trained": true, 
            "value": 8
        }
    }, 
    {
        "pk": 60, 
        "model": "character_builder.characterskill", 
        "fields": {
            "skill": 9, 
            "character": 6, 
            "is_trained": false, 
            "value": 0
        }
    }, 
    {
        "pk": 61, 
        "model": "character_builder.characterskill", 
        "fields": {
            "skill": 10, 
            "character": 6, 
            "is_trained": false, 
            "value": 3
        }
    }, 
    {
        "pk": 62, 
        "model": "character_builder.characterskill", 
        "fields": {
            "skill": 11, 
            "character": 6, 
            "is_trained": false, 
            "value": 2
        }
    }, 
    {
        "pk": 63, 
        "model": "character_builder.characterskill", 
        "fields": {
            "skill": 12, 
            "character": 6, 
            "is_trained": false, 
            "value": 3
        }
    }, 
    {
        "pk": 64, 
        "model": "character_builder.characterskill", 
        "fields": {
            "skill": 13, 
            "character": 6, 
            "is_trained": false, 
            "value": 3
        }
    }, 
    {
        "pk": 65, 
        "model": "character_builder.characterskill", 
        "fields": {
            "skill": 14, 
            "character": 6, 
            "is_trained": true, 
            "value": 5
        }
    }, 
    {
        "pk": 66, 
        "model": "character_builder.characterskill", 
        "fields": {
            "skill": 15, 
            "character": 6, 
            "is_trained": false, 
            "value": 1
        }
    }, 
    {
        "pk": 67, 
        "model": "character_builder.characterskill", 
        "fields": {
            "skill": 16, 
            "character": 6, 
            "is_trained": false, 
            "value": 2
        }
    }, 
    {
        "pk": 68, 
        "model": "character_builder.characterskill", 
        "fields": {
            "skill": 17, 
            "character": 6, 
            "is_trained": false, 
            "value": 3
        }
    }
]