[
    {
        "pk": 1, 
        "model": "character_builder.source", 
        "fields": {
            "name": "Player's Handbook"
        }
    }, 
    {
        "pk": 2, 
        "model": "character_builder.source", 
        "fields": {
            "name": "Player's Handbook 2"
        }
    }, 
    {
        "pk": 3, 
        "model": "character_builder.source", 
        "fields": {
            "name": "Player's Handbook 3"
        }
    }, 
    {
        "pk": 1, 
        "model": "character_builder.role", 
        "fields": {
            "name": "Controller"
        }
    }, 
    {
        "pk": 2, 
        "model": "character_builder.role", 
        "fields": {
            "name": "Defender"
        }
    }, 
    {
        "pk": 3, 
        "model": "character_builder.role", 
        "fields": {
            "name": "Leader"
        }
    }, 
    {
        "pk": 4, 
        "model": "character_builder.role", 
        "fields": {
            "name": "Striker"
        }
    }, 
    {
        "pk": 1, 
        "model": "character_builder.size", 
        "fields": {
            "reach": "0", 
            "name": "Tiny", 
            "space": "1/2"
        }
    }, 
    {
        "pk": 2, 
        "model": "character_builder.size", 
        "fields": {
            "reach": "1", 
            "name": "Small", 
            "space": "1"
        }
    }, 
    {
        "pk": 3, 
        "model": "character_builder.size", 
        "fields": {
            "reach": "1", 
            "name": "Medium", 
            "space": "1"
        }
    }, 
    {
        "pk": 4, 
        "model": "character_builder.size", 
        "fields": {
            "reach": "1-2", 
            "name": "Large", 
            "space": "2 x 2"
        }
    }, 
    {
        "pk": 5, 
        "model": "character_builder.size", 
        "fields": {
            "reach": "2 - 3", 
            "name": "Huge", 
            "space": "2 x 2"
        }
    }, 
    {
        "pk": 6, 
        "model": "character_builder.size", 
        "fields": {
            "reach": "3 - 4", 
            "name": "Gargantuan", 
            "space": "4 x 4"
        }
    }, 
    {
        "pk": 8, 
        "model": "character_builder.race", 
        "fields": {
            "source": 2, 
            "average_height_text": "Meh", 
            "size": 3, 
            "name": "Deva", 
            "average_weight_text": "Meh"
        }
    }, 
    {
        "pk": 1, 
        "model": "character_builder.race", 
        "fields": {
            "source": 1, 
            "average_height_text": "6' 2\" - 6' 8\"", 
            "size": 3, 
            "name": "Dragonborn", 
            "average_weight_text": "220lb - 320lb"
        }
    }, 
    {
        "pk": 2, 
        "model": "character_builder.race", 
        "fields": {
            "source": 1, 
            "average_height_text": "", 
            "size": "None", 
            "name": "Dwarf", 
            "average_weight_text": ""
        }
    }, 
    {
        "pk": 3, 
        "model": "character_builder.race", 
        "fields": {
            "source": 1, 
            "average_height_text": "", 
            "size": "None", 
            "name": "Eladrin", 
            "average_weight_text": ""
        }
    }, 
    {
        "pk": 4, 
        "model": "character_builder.race", 
        "fields": {
            "source": 1, 
            "average_height_text": "", 
            "size": "None", 
            "name": "Elf", 
            "average_weight_text": ""
        }
    }, 
    {
        "pk": 13, 
        "model": "character_builder.race", 
        "fields": {
            "source": 3, 
            "average_height_text": "", 
            "size": "None", 
            "name": "Githzerai", 
            "average_weight_text": ""
        }
    }, 
    {
        "pk": 9, 
        "model": "character_builder.race", 
        "fields": {
            "source": 2, 
            "average_height_text": "", 
            "size": "None", 
            "name": "Gnome", 
            "average_weight_text": ""
        }
    }, 
    {
        "pk": 10, 
        "model": "character_builder.race", 
        "fields": {
            "source": 2, 
            "average_height_text": "", 
            "size": "None", 
            "name": "Goliath", 
            "average_weight_text": ""
        }
    }, 
    {
        "pk": 5, 
        "model": "character_builder.race", 
        "fields": {
            "source": 1, 
            "average_height_text": "", 
            "size": "None", 
            "name": "Half-Elf", 
            "average_weight_text": ""
        }
    }, 
    {
        "pk": 11, 
        "model": "character_builder.race", 
        "fields": {
            "source": 2, 
            "average_height_text": "", 
            "size": "None", 
            "name": "Half-Orc", 
            "average_weight_text": ""
        }
    }, 
    {
        "pk": 6, 
        "model": "character_builder.race", 
        "fields": {
            "source": 1, 
            "average_height_text": "", 
            "size": "None", 
            "name": "Halfling", 
            "average_weight_text": ""
        }
    }, 
    {
        "pk": 14, 
        "model": "character_builder.race", 
        "fields": {
            "source": 3, 
            "average_height_text": "", 
            "size": "None", 
            "name": "Minotaur", 
            "average_weight_text": ""
        }
    }, 
    {
        "pk": 15, 
        "model": "character_builder.race", 
        "fields": {
            "source": 3, 
            "average_height_text": "", 
            "size": "None", 
            "name": "Shardmind", 
            "average_weight_text": ""
        }
    }, 
    {
        "pk": 12, 
        "model": "character_builder.race", 
        "fields": {
            "source": 2, 
            "average_height_text": "", 
            "size": "None", 
            "name": "Shifter", 
            "average_weight_text": ""
        }
    }, 
    {
        "pk": 7, 
        "model": "character_builder.race", 
        "fields": {
            "source": 1, 
            "average_height_text": "", 
            "size": "None", 
            "name": "Tiefling", 
            "average_weight_text": ""
        }
    }, 
    {
        "pk": 16, 
        "model": "character_builder.race", 
        "fields": {
            "source": 3, 
            "average_height_text": "", 
            "size": "None", 
            "name": "Wilden", 
            "average_weight_text": ""
        }
    }, 
    {
        "pk": 16, 
        "model": "character_builder.classtype", 
        "fields": {
            "source": 3, 
            "role": 3, 
            "name": "Ardent"
        }
    }, 
    {
        "pk": 9, 
        "model": "character_builder.classtype", 
        "fields": {
            "source": 2, 
            "role": 4, 
            "name": "Avenger"
        }
    }, 
    {
        "pk": 10, 
        "model": "character_builder.classtype", 
        "fields": {
            "source": 2, 
            "role": 4, 
            "name": "Barbarian"
        }
    }, 
    {
        "pk": 11, 
        "model": "character_builder.classtype", 
        "fields": {
            "source": 2, 
            "role": 3, 
            "name": "Bard"
        }
    }, 
    {
        "pk": 17, 
        "model": "character_builder.classtype", 
        "fields": {
            "source": 3, 
            "role": 2, 
            "name": "Battlemind"
        }
    }, 
    {
        "pk": 1, 
        "model": "character_builder.classtype", 
        "fields": {
            "source": 1, 
            "role": 3, 
            "name": "Cleric"
        }
    }, 
    {
        "pk": 12, 
        "model": "character_builder.classtype", 
        "fields": {
            "source": 2, 
            "role": 1, 
            "name": "Druid"
        }
    }, 
    {
        "pk": 2, 
        "model": "character_builder.classtype", 
        "fields": {
            "source": 1, 
            "role": 2, 
            "name": "Fighter"
        }
    }, 
    {
        "pk": 13, 
        "model": "character_builder.classtype", 
        "fields": {
            "source": 2, 
            "role": 1, 
            "name": "Invoker"
        }
    }, 
    {
        "pk": 18, 
        "model": "character_builder.classtype", 
        "fields": {
            "source": 3, 
            "role": 4, 
            "name": "Monk"
        }
    }, 
    {
        "pk": 3, 
        "model": "character_builder.classtype", 
        "fields": {
            "source": 1, 
            "role": 2, 
            "name": "Paladin"
        }
    }, 
    {
        "pk": 19, 
        "model": "character_builder.classtype", 
        "fields": {
            "source": 3, 
            "role": 1, 
            "name": "Psion"
        }
    }, 
    {
        "pk": 4, 
        "model": "character_builder.classtype", 
        "fields": {
            "source": 1, 
            "role": 4, 
            "name": "Ranger"
        }
    }, 
    {
        "pk": 5, 
        "model": "character_builder.classtype", 
        "fields": {
            "source": 1, 
            "role": 4, 
            "name": "Rogue"
        }
    }, 
    {
        "pk": 20, 
        "model": "character_builder.classtype", 
        "fields": {
            "source": 3, 
            "role": 3, 
            "name": "Runepriest"
        }
    }, 
    {
        "pk": 21, 
        "model": "character_builder.classtype", 
        "fields": {
            "source": 3, 
            "role": 1, 
            "name": "Seeker"
        }
    }, 
    {
        "pk": 14, 
        "model": "character_builder.classtype", 
        "fields": {
            "source": 2, 
            "role": 3, 
            "name": "Shaman"
        }
    }, 
    {
        "pk": 15, 
        "model": "character_builder.classtype", 
        "fields": {
            "source": 2, 
            "role": 4, 
            "name": "Sorcerer"
        }
    }, 
    {
        "pk": 22, 
        "model": "character_builder.classtype", 
        "fields": {
            "source": 2, 
            "role": 2, 
            "name": "Warden"
        }
    }, 
    {
        "pk": 6, 
        "model": "character_builder.classtype", 
        "fields": {
            "source": 1, 
            "role": 4, 
            "name": "Warlock"
        }
    }, 
    {
        "pk": 7, 
        "model": "character_builder.classtype", 
        "fields": {
            "source": 1, 
            "role": 3, 
            "name": "Warlord"
        }
    }, 
    {
        "pk": 8, 
        "model": "character_builder.classtype", 
        "fields": {
            "source": 1, 
            "role": 1, 
            "name": "Wizard"
        }
    }
]