[
    {
        "pk": 1, 
        "model": "character_builder.ability", 
        "fields": {
            "abbreviation": "Str", 
            "help_text": "Measures your character's physical power. It\u2019s important for most characters who fight hand-to-hand. Clerics, fighters, paladins, rangers, and warlords have powers based on Strength.", 
            "name": "Strength"
        }
    }, 
    {
        "pk": 2, 
        "model": "character_builder.ability", 
        "fields": {
            "abbreviation": "Con", 
            "help_text": "Represents your character\u2019s health, stamina, and vital force. All characters benefit from a high Constitution score. Many warlock powers are based on constitution.", 
            "name": "Constitution"
        }
    }, 
    {
        "pk": 3, 
        "model": "character_builder.ability", 
        "fields": {
            "abbreviation": "Dex", 
            "help_text": "Measures hand-eye coordination, agility, reflexes, and balance. Many ranger and rogue powers are based on Dexterity.", 
            "name": "Dexterity"
        }
    }, 
    {
        "pk": 4, 
        "model": "character_builder.ability", 
        "fields": {
            "abbreviation": "Int", 
            "help_text": "Describes how well your character learns and reasons. Wizard powers are based on Intelligence.", 
            "name": "Intelligence"
        }
    }, 
    {
        "pk": 5, 
        "model": "character_builder.ability", 
        "fields": {
            "abbreviation": "Wis", 
            "help_text": "Measures your common sense, perception, self-discipline, and empathy. You use your Wisdom score to notice details, sense danger, and get a read on other people. Many cleric powers are based on Wisdom.", 
            "name": "Wisdom"
        }
    }, 
    {
        "pk": 6, 
        "model": "character_builder.ability", 
        "fields": {
            "abbreviation": "Cha", 
            "help_text": "Measures your force of personality, persuasiveness, and leadership. Many paladin and warlock powers are based on \r\nCharisma.", 
            "name": "Charisma"
        }
    }, 
    {
        "pk": 1, 
        "model": "character_builder.skill", 
        "fields": {
            "name": "Acrobatics", 
            "ability": 3
        }
    }, 
    {
        "pk": 2, 
        "model": "character_builder.skill", 
        "fields": {
            "name": "Arcana", 
            "ability": 4
        }
    }, 
    {
        "pk": 3, 
        "model": "character_builder.skill", 
        "fields": {
            "name": "Athletics", 
            "ability": 1
        }
    }, 
    {
        "pk": 4, 
        "model": "character_builder.skill", 
        "fields": {
            "name": "Bluff", 
            "ability": 6
        }
    }, 
    {
        "pk": 5, 
        "model": "character_builder.skill", 
        "fields": {
            "name": "Diplomacy", 
            "ability": 6
        }
    }, 
    {
        "pk": 6, 
        "model": "character_builder.skill", 
        "fields": {
            "name": "Dungeoneering", 
            "ability": 5
        }
    }, 
    {
        "pk": 7, 
        "model": "character_builder.skill", 
        "fields": {
            "name": "Endurance", 
            "ability": 2
        }
    }, 
    {
        "pk": 8, 
        "model": "character_builder.skill", 
        "fields": {
            "name": "Heal", 
            "ability": 5
        }
    }, 
    {
        "pk": 9, 
        "model": "character_builder.skill", 
        "fields": {
            "name": "History", 
            "ability": 4
        }
    }, 
    {
        "pk": 10, 
        "model": "character_builder.skill", 
        "fields": {
            "name": "Insight", 
            "ability": 5
        }
    }, 
    {
        "pk": 11, 
        "model": "character_builder.skill", 
        "fields": {
            "name": "Intimidate", 
            "ability": 6
        }
    }, 
    {
        "pk": 12, 
        "model": "character_builder.skill", 
        "fields": {
            "name": "Nature", 
            "ability": 5
        }
    }, 
    {
        "pk": 13, 
        "model": "character_builder.skill", 
        "fields": {
            "name": "Perception", 
            "ability": 5
        }
    }, 
    {
        "pk": 14, 
        "model": "character_builder.skill", 
        "fields": {
            "name": "Religion", 
            "ability": 4
        }
    }, 
    {
        "pk": 15, 
        "model": "character_builder.skill", 
        "fields": {
            "name": "Stealth", 
            "ability": 3
        }
    }, 
    {
        "pk": 16, 
        "model": "character_builder.skill", 
        "fields": {
            "name": "Streetwise", 
            "ability": 6
        }
    }, 
    {
        "pk": 17, 
        "model": "character_builder.skill", 
        "fields": {
            "name": "Thievery", 
            "ability": 3
        }
    }, 
    {
        "pk": 1, 
        "model": "character_builder.defense", 
        "fields": {
            "abbreviation": "AC", 
            "abilities": [
                3, 
                5
            ], 
            "name": "Armor Class"
        }
    }, 
    {
        "pk": 2, 
        "model": "character_builder.defense", 
        "fields": {
            "abbreviation": "Fort", 
            "abilities": [
                1, 
                2
            ], 
            "name": "Fortitude"
        }
    }, 
    {
        "pk": 3, 
        "model": "character_builder.defense", 
        "fields": {
            "abbreviation": "Ref", 
            "abilities": [
                3, 
                4
            ], 
            "name": "Reflex"
        }
    }, 
    {
        "pk": 4, 
        "model": "character_builder.defense", 
        "fields": {
            "abbreviation": "Will", 
            "abilities": [
                5, 
                6
            ], 
            "name": "Willpower"
        }
    }, 
    {
        "pk": 2, 
        "model": "character_builder.modifier", 
        "fields": {}
    }, 
    {
        "pk": 3, 
        "model": "character_builder.modifier", 
        "fields": {}
    }, 
    {
        "pk": 4, 
        "model": "character_builder.modifier", 
        "fields": {}
    }, 
    {
        "pk": 5, 
        "model": "character_builder.modifier", 
        "fields": {}
    }, 
    {
        "pk": 6, 
        "model": "character_builder.modifier", 
        "fields": {}
    }, 
    {
        "pk": 7, 
        "model": "character_builder.modifier", 
        "fields": {}
    }, 
    {
        "pk": 8, 
        "model": "character_builder.modifier", 
        "fields": {}
    }, 
    {
        "pk": 9, 
        "model": "character_builder.modifier", 
        "fields": {}
    }, 
    {
        "pk": 10, 
        "model": "character_builder.modifier", 
        "fields": {}
    }, 
    {
        "pk": 11, 
        "model": "character_builder.modifier", 
        "fields": {}
    }, 
    {
        "pk": 12, 
        "model": "character_builder.modifier", 
        "fields": {}
    }, 
    {
        "pk": 13, 
        "model": "character_builder.modifier", 
        "fields": {}
    }, 
    {
        "pk": 14, 
        "model": "character_builder.modifier", 
        "fields": {}
    }, 
    {
        "pk": 15, 
        "model": "character_builder.modifier", 
        "fields": {}
    }, 
    {
        "pk": 16, 
        "model": "character_builder.modifier", 
        "fields": {}
    }, 
    {
        "pk": 17, 
        "model": "character_builder.modifier", 
        "fields": {}
    }, 
    {
        "pk": 18, 
        "model": "character_builder.modifier", 
        "fields": {}
    }, 
    {
        "pk": 4, 
        "model": "character_builder.abilitymod", 
        "fields": {
            "ability": 5, 
            "value": 2
        }
    }, 
    {
        "pk": 5, 
        "model": "character_builder.abilitymod", 
        "fields": {
            "ability": 4, 
            "value": 2
        }
    }, 
    {
        "pk": 6, 
        "model": "character_builder.abilitymod", 
        "fields": {
            "ability": 3, 
            "value": 2
        }
    }, 
    {
        "pk": 7, 
        "model": "character_builder.abilitymod", 
        "fields": {
            "ability": 2, 
            "value": 2
        }
    }, 
    {
        "pk": 8, 
        "model": "character_builder.abilitymod", 
        "fields": {
            "ability": 6, 
            "value": 2
        }
    }, 
    {
        "pk": 9, 
        "model": "character_builder.abilitymod", 
        "fields": {
            "ability": 1, 
            "value": 2
        }
    }, 
    {
        "pk": 2, 
        "model": "character_builder.defensemod", 
        "fields": {
            "defense": 3, 
            "value": 1
        }
    }, 
    {
        "pk": 3, 
        "model": "character_builder.defensemod", 
        "fields": {
            "defense": 4, 
            "value": 1
        }
    }, 
    {
        "pk": 10, 
        "model": "character_builder.defensemod", 
        "fields": {
            "defense": 4, 
            "value": 2
        }
    }, 
    {
        "pk": 11, 
        "model": "character_builder.defensemod", 
        "fields": {
            "defense": 2, 
            "value": 2
        }
    }, 
    {
        "pk": 12, 
        "model": "character_builder.defensemod", 
        "fields": {
            "defense": 2, 
            "value": 1
        }
    }, 
    {
        "pk": 13, 
        "model": "character_builder.defensemod", 
        "fields": {
            "defense": 3, 
            "value": 2
        }
    }, 
    {
        "pk": 14, 
        "model": "character_builder.defensemod", 
        "fields": {
            "defense": 1, 
            "value": 0
        }
    }, 
    {
        "pk": 15, 
        "model": "character_builder.defensemod", 
        "fields": {
            "defense": 1, 
            "value": 0
        }
    }, 
    {
        "pk": 16, 
        "model": "character_builder.defensemod", 
        "fields": {
            "defense": 1, 
            "value": 2
        }
    }, 
    {
        "pk": 17, 
        "model": "character_builder.defensemod", 
        "fields": {
            "defense": 1, 
            "value": 7
        }
    }, 
    {
        "pk": 18, 
        "model": "character_builder.defensemod", 
        "fields": {
            "defense": 1, 
            "value": 2
        }
    }, 
    {
        "pk": 1, 
        "model": "character_builder.role", 
        "fields": {
            "flavor": "", 
            "name": "Controller"
        }
    }, 
    {
        "pk": 2, 
        "model": "character_builder.role", 
        "fields": {
            "flavor": "", 
            "name": "Defender"
        }
    }, 
    {
        "pk": 3, 
        "model": "character_builder.role", 
        "fields": {
            "flavor": "", 
            "name": "Leader"
        }
    }, 
    {
        "pk": 4, 
        "model": "character_builder.role", 
        "fields": {
            "flavor": "", 
            "name": "Striker"
        }
    }, 
    {
        "pk": 5, 
        "model": "character_builder.role", 
        "fields": {
            "flavor": "Cannon fodder, dies on any damage taken.", 
            "name": "Minion"
        }
    }, 
    {
        "pk": 6, 
        "model": "character_builder.role", 
        "fields": {
            "flavor": "", 
            "name": "Elite"
        }
    }, 
    {
        "pk": 7, 
        "model": "character_builder.role", 
        "fields": {
            "flavor": "", 
            "name": "Soldier"
        }
    }, 
    {
        "pk": 8, 
        "model": "character_builder.role", 
        "fields": {
            "flavor": "", 
            "name": "Artillery"
        }
    }, 
    {
        "pk": 1, 
        "model": "character_builder.alignment", 
        "fields": {
            "name": "Good", 
            "description": "Freedom and kindness."
        }
    }, 
    {
        "pk": 2, 
        "model": "character_builder.alignment", 
        "fields": {
            "name": "Lawful Good", 
            "description": "Civilization and order."
        }
    }, 
    {
        "pk": 3, 
        "model": "character_builder.alignment", 
        "fields": {
            "name": "Evil", 
            "description": "Tyranny and hatred."
        }
    }, 
    {
        "pk": 4, 
        "model": "character_builder.alignment", 
        "fields": {
            "name": "Chaotic Evil", 
            "description": "Entropy and destruction."
        }
    }, 
    {
        "pk": 5, 
        "model": "character_builder.alignment", 
        "fields": {
            "name": "Unaligned", 
            "description": "Having no alignment; not taking a stand."
        }
    }, 
    {
        "pk": 1, 
        "model": "character_builder.level", 
        "fields": {
            "xp_required": 0, 
            "number": 1
        }
    }, 
    {
        "pk": 2, 
        "model": "character_builder.level", 
        "fields": {
            "xp_required": 1000, 
            "number": 2
        }
    }, 
    {
        "pk": 3, 
        "model": "character_builder.level", 
        "fields": {
            "xp_required": 2250, 
            "number": 3
        }
    }, 
    {
        "pk": 4, 
        "model": "character_builder.level", 
        "fields": {
            "xp_required": 3750, 
            "number": 4
        }
    }, 
    {
        "pk": 5, 
        "model": "character_builder.level", 
        "fields": {
            "xp_required": 5500, 
            "number": 5
        }
    }, 
    {
        "pk": 6, 
        "model": "character_builder.level", 
        "fields": {
            "xp_required": 7500, 
            "number": 6
        }
    }, 
    {
        "pk": 7, 
        "model": "character_builder.level", 
        "fields": {
            "xp_required": 10000, 
            "number": 7
        }
    }, 
    {
        "pk": 8, 
        "model": "character_builder.level", 
        "fields": {
            "xp_required": 13000, 
            "number": 8
        }
    }, 
    {
        "pk": 9, 
        "model": "character_builder.level", 
        "fields": {
            "xp_required": 16500, 
            "number": 9
        }
    }, 
    {
        "pk": 10, 
        "model": "character_builder.level", 
        "fields": {
            "xp_required": 20500, 
            "number": 10
        }
    }, 
    {
        "pk": 11, 
        "model": "character_builder.level", 
        "fields": {
            "xp_required": 26000, 
            "number": 11
        }
    }, 
    {
        "pk": 12, 
        "model": "character_builder.level", 
        "fields": {
            "xp_required": 32000, 
            "number": 12
        }
    }, 
    {
        "pk": 13, 
        "model": "character_builder.level", 
        "fields": {
            "xp_required": 39000, 
            "number": 13
        }
    }, 
    {
        "pk": 14, 
        "model": "character_builder.level", 
        "fields": {
            "xp_required": 47000, 
            "number": 14
        }
    }, 
    {
        "pk": 15, 
        "model": "character_builder.level", 
        "fields": {
            "xp_required": 57000, 
            "number": 15
        }
    }, 
    {
        "pk": 16, 
        "model": "character_builder.level", 
        "fields": {
            "xp_required": 69000, 
            "number": 16
        }
    }, 
    {
        "pk": 17, 
        "model": "character_builder.level", 
        "fields": {
            "xp_required": 83000, 
            "number": 17
        }
    }, 
    {
        "pk": 18, 
        "model": "character_builder.level", 
        "fields": {
            "xp_required": 99000, 
            "number": 18
        }
    }, 
    {
        "pk": 19, 
        "model": "character_builder.level", 
        "fields": {
            "xp_required": 119000, 
            "number": 19
        }
    }, 
    {
        "pk": 20, 
        "model": "character_builder.level", 
        "fields": {
            "xp_required": 143000, 
            "number": 20
        }
    }, 
    {
        "pk": 21, 
        "model": "character_builder.level", 
        "fields": {
            "xp_required": 175000, 
            "number": 21
        }
    }, 
    {
        "pk": 22, 
        "model": "character_builder.level", 
        "fields": {
            "xp_required": 210000, 
            "number": 22
        }
    }, 
    {
        "pk": 23, 
        "model": "character_builder.level", 
        "fields": {
            "xp_required": 255000, 
            "number": 23
        }
    }, 
    {
        "pk": 24, 
        "model": "character_builder.level", 
        "fields": {
            "xp_required": 310000, 
            "number": 24
        }
    }, 
    {
        "pk": 25, 
        "model": "character_builder.level", 
        "fields": {
            "xp_required": 375000, 
            "number": 25
        }
    }, 
    {
        "pk": 26, 
        "model": "character_builder.level", 
        "fields": {
            "xp_required": 450000, 
            "number": 26
        }
    }, 
    {
        "pk": 27, 
        "model": "character_builder.level", 
        "fields": {
            "xp_required": 550000, 
            "number": 27
        }
    }, 
    {
        "pk": 28, 
        "model": "character_builder.level", 
        "fields": {
            "xp_required": 675000, 
            "number": 28
        }
    }, 
    {
        "pk": 29, 
        "model": "character_builder.level", 
        "fields": {
            "xp_required": 825000, 
            "number": 29
        }
    }, 
    {
        "pk": 30, 
        "model": "character_builder.level", 
        "fields": {
            "xp_required": 1000000, 
            "number": 30
        }
    }, 
    {
        "pk": 1, 
        "model": "character_builder.deity", 
        "fields": {
            "name": "Avandra", 
            "alignment": 1, 
            "description": "<p>The god of change, Avandra delights in freedom, trade, travel, adventure, and the frontier. Her temples are few in civilized lands, but her wayside shrines appear throughout the world. Halflings, merchants, and all types of adventurers are drawn to her worship, and many people raise a glass in her honor, viewing her as the god of luck. Her commandments are few:</p><p>\u2726 Luck favors the bold. Take your fate into your own hands, and Avandra smiles upon you.</p><p>\u2726 Strike back against those who would rob you of your freedom and urge others to fight for their own liberty.</p><p>\u2726 Change is inevitable, but it takes the work of the faithful to ensure that change is for the better."
        }
    }, 
    {
        "pk": 2, 
        "model": "character_builder.deity", 
        "fields": {
            "name": "Bahamut", 
            "alignment": 2, 
            "description": "<p>Called the Platinum Dragon, Bahamut is the god of justice, protection, nobility, and honor. Lawful good paladins often revere him, and metallic dragons worship him as the first of their kind. Monarchs are crowned in his name. He commands his followers thus:</p><p>\u2726 Uphold the highest ideals of honor and justice.</p><p>\u2726 Be constantly vigilant against evil and oppose it on all fronts.</p><p>\u2726 Protect the weak, liberate the oppressed, and defend just order."
        }
    }, 
    {
        "pk": 3, 
        "model": "character_builder.deity", 
        "fields": {
            "name": "Corellon", 
            "alignment": 5, 
            "description": "<p>The god of spring, beauty, and the arts, Corellon is the patron of arcane magic and the fey. He seeded the world with arcane magic and planted the most ancient forests. Artists and musicians worship him, as do those who view their spellcasting as an art, and his shrines can be found throughout the Feywild. He despises Lolth and her priestesses for leading the drow astray. He urges his followers thus:</p><p>\u2726 Cultivate beauty in all that you do, whether you\u2019re casting a spell, composing a saga, strumming a lute, or practicing the arts of war.</p><p>\u2726 Seek out lost magic items, forgotten rituals, and ancient works of art. Corellon might have inspired them in the world\u2019s first days.</p><p>\u2726 Thwart the followers of Lolth at every opportunity\r\n"
        }
    }, 
    {
        "pk": 4, 
        "model": "character_builder.deity", 
        "fields": {
            "name": "Erathis", 
            "alignment": 5, 
            "description": "<p>Erathis is the god of civilization. She is the muse of great invention, founder of cities, and author of laws. Rulers, judges, pioneers, and devoted citizens revere her, and her temples hold prominent places in most of the world\u2019s major cities. Her laws are many, but their purpose is straightforward:</p><p>\u2726 Work with others to achieve your goals. Community and order are always stronger than the disjointed efforts of lone individuals.</p><p>\u2726 Tame the wilderness to make it fit for habitation, and defend the light of civilization against the encroaching darkness.</p><p>\u2726 Seek out new ideas, new inventions, new lands to inhabit, new wilderness to conquer. "
        }
    }, 
    {
        "pk": 5, 
        "model": "character_builder.deity", 
        "fields": {
            "name": "Ioun", 
            "alignment": 5, 
            "description": "<p>Ioun is the god of knowledge, skill, and prophecy. Sages, seers, and tacticians revere her, as do all who live by their knowledge and mental power. Corellon is the patron of arcane magic, but Ioun is the patron of its study. Libraries and wizard academies are built in her name. Her commands are also teachings:</p><p>\u2726 Seek the perfection of your mind by bringing reason, perception, and emotion into balance with one another.</p><p>\u2726 Accumulate, preserve, and distribute knowledge in all forms. Pursue education, build libraries, and seek out lost and ancient lore.</p><p>\u2726 Be watchful at all times for the followers of Vecna, who seek to control knowledge and keep secrets. Oppose their schemes, unmask their secrets, and blind them with the light of truth and reason."
        }
    }, 
    {
        "pk": 6, 
        "model": "character_builder.deity", 
        "fields": {
            "name": "Kord", 
            "alignment": 5, 
            "description": "<p>Kord is the storm god and the lord of battle. He revels in strength, battlefield prowess, and thunder. Fighters and athletes revere him. He is a mercurial god, unbridled and wild, who summons storms over land and sea; those who hope for better weather appease him with prayers and spirited toasts. He gives few commands:</p><p>\u2726 Be strong, but do not use your strength for wanton destruction.</p><p>\u2726 Be brave and scorn cowardice in any form.</p><p>\u2726 Prove your might in battle to win glory and renown."
        }
    }, 
    {
        "pk": 7, 
        "model": "character_builder.deity", 
        "fields": {
            "name": "Melora", 
            "alignment": 5, 
            "description": "<p>Melora is the god of the wilderness and the sea. She is both the wild beast and the peaceful forest, the raging whirlpool and the quiet desert. Rangers, hunters, and elves revere her, and sailors make offerings to her before beginning their voyages. Her strictures are these:</p><p>\u2726 Protect the wild places of the world from destruction and overuse. Oppose the rampant spread of cities and empires.</p><p>\u2726 Hunt aberrant monsters and other abominations of nature.</p><p>\u2726 Do not fear or condemn the savagery of nature. Live in harmony with the wild."
        }
    }, 
    {
        "pk": 8, 
        "model": "character_builder.deity", 
        "fields": {
            "name": "Moradin", 
            "alignment": 2, 
            "description": "<p>Moradin is the god of creation and patron of artisans, especially miners and smiths. He carved the mountains from primordial earth and is the guardian and protector of the hearth and the family. Dwarves from all walks of life follow him. He demands these behaviors of his followers:</p><p>\u2726 Meet adversity with stoicism and tenacity.</p><p>\u2726 Demonstrate loyalty to your family, your clan, your leaders, and your people.</p><p>\u2726 Strive to make a mark on the world, a lasting legacy. To make something that lasts is the highest good, whether you are a smith working at a forge or a ruler building a dynasty."
        }
    }, 
    {
        "pk": 9, 
        "model": "character_builder.deity", 
        "fields": {
            "name": "Pelor", 
            "alignment": 1, 
            "description": "<p>God of the sun and summer, Pelor is the keeper of time. He supports those in need and opposes all that is evil. As the lord of agriculture and the bountiful harvest, he is the deity most commonly worshiped by ordinary humans, and his priests are well received wherever they go. Paladins and rangers are found among his worshipers. He directs his followers thus:</p><p>\u2726 Alleviate suffering wherever you find it.<p></p><p>\u2726 Bring Pelor\u2019s light into places of darkness, showing kindness, mercy, and compassion.<p></p><p>\u2726 Be watchful against evil."
        }
    }, 
    {
        "pk": 10, 
        "model": "character_builder.deity", 
        "fields": {
            "name": "The Raven Queen", 
            "alignment": 5, 
            "description": "<p>The name of the god of death is long forgotten, but she is called the Raven Queen. She is the spinner of fate and the patron of winter. She marks the end of each mortal life, and mourners call upon her during funeral rites, in the hope that she will guard the departed from the curse of undeath. She expects her followers to abide by these commandments:</p><p>\u2726 Hold no pity for those who suffer and die, for death is the natural end of life.</p><p>\u2726 Bring down the proud who try to cast off the chains of fate. As the instrument of the Raven Queen, you must punish hubris where you find it.</p><p>\u2726 Watch for the cults of Orcus and stamp them out whenever they arise. The Demon Prince of the Undead seeks to claim the Raven Queen\u2019s throne.</p>"
        }
    }, 
    {
        "pk": 11, 
        "model": "character_builder.deity", 
        "fields": {
            "name": "Sehanine", 
            "alignment": 5, 
            "description": "<p>God of the moon and autumn, Sehanine is the patron of trickery and illusions. She has close ties to Corellon and Melora and is a favorite deity among elves and halflings. She is also the god of love, who sends shadows to cloak lovers\u2019 trysts. Scouts and thieves ask for her blessing on their work. Her teachings are simple:</p>\r\n<p>\u2726 Follow your goals and seek your own destiny.</p>\r\n<p>\u2726 Keep to the shadows, avoiding the blazing light of zealous good and the utter darkness of evil.</p>\r\n<p>\u2726 Seek new horizons and new experiences, and let nothing tie you down.</p>"
        }
    }, 
    {
        "pk": 4, 
        "model": "character_builder.source", 
        "fields": {
            "name": "Monster Manual"
        }
    }, 
    {
        "pk": 5, 
        "model": "character_builder.source", 
        "fields": {
            "name": "Monster Manual 2"
        }
    }, 
    {
        "pk": 1, 
        "model": "character_builder.source", 
        "fields": {
            "name": "Player's Handbook"
        }
    }, 
    {
        "pk": 2, 
        "model": "character_builder.source", 
        "fields": {
            "name": "Player's Handbook 2"
        }
    }, 
    {
        "pk": 3, 
        "model": "character_builder.source", 
        "fields": {
            "name": "Player's Handbook 3"
        }
    }, 
    {
        "pk": 1, 
        "model": "character_builder.size", 
        "fields": {
            "reach": "0", 
            "name": "Tiny", 
            "space": "1/2"
        }
    }, 
    {
        "pk": 2, 
        "model": "character_builder.size", 
        "fields": {
            "reach": "1", 
            "name": "Small", 
            "space": "1"
        }
    }, 
    {
        "pk": 3, 
        "model": "character_builder.size", 
        "fields": {
            "reach": "1", 
            "name": "Medium", 
            "space": "1"
        }
    }, 
    {
        "pk": 4, 
        "model": "character_builder.size", 
        "fields": {
            "reach": "1 - 2", 
            "name": "Large", 
            "space": "2 x 2"
        }
    }, 
    {
        "pk": 5, 
        "model": "character_builder.size", 
        "fields": {
            "reach": "2 - 3", 
            "name": "Huge", 
            "space": "3 x 3"
        }
    }, 
    {
        "pk": 6, 
        "model": "character_builder.size", 
        "fields": {
            "reach": "3 - 4", 
            "name": "Gargantuan", 
            "space": "4 x 4 or larger"
        }
    }, 
    {
        "pk": 1, 
        "model": "character_builder.gender", 
        "fields": {
            "name": "Unspecified"
        }
    }, 
    {
        "pk": 2, 
        "model": "character_builder.gender", 
        "fields": {
            "name": "Male"
        }
    }, 
    {
        "pk": 3, 
        "model": "character_builder.gender", 
        "fields": {
            "name": "Female"
        }
    }, 
    {
        "pk": 1, 
        "model": "character_builder.language", 
        "fields": {
            "name": "Common", 
            "script": "Common"
        }
    }, 
    {
        "pk": 2, 
        "model": "character_builder.language", 
        "fields": {
            "name": "Deep Speech", 
            "script": "Rellanic"
        }
    }, 
    {
        "pk": 3, 
        "model": "character_builder.language", 
        "fields": {
            "name": "Draconic", 
            "script": "Lokharic"
        }
    }, 
    {
        "pk": 4, 
        "model": "character_builder.language", 
        "fields": {
            "name": "Dwarven", 
            "script": "Davek"
        }
    }, 
    {
        "pk": 5, 
        "model": "character_builder.language", 
        "fields": {
            "name": "Elven", 
            "script": "Rellanic"
        }
    }, 
    {
        "pk": 6, 
        "model": "character_builder.language", 
        "fields": {
            "name": "Giant", 
            "script": "Davek"
        }
    }, 
    {
        "pk": 7, 
        "model": "character_builder.language", 
        "fields": {
            "name": "Goblin", 
            "script": "Common"
        }
    }, 
    {
        "pk": 8, 
        "model": "character_builder.language", 
        "fields": {
            "name": "Primordial", 
            "script": "Barazhad"
        }
    }, 
    {
        "pk": 9, 
        "model": "character_builder.language", 
        "fields": {
            "name": "Supernal", 
            "script": "Supernal"
        }
    }, 
    {
        "pk": 10, 
        "model": "character_builder.language", 
        "fields": {
            "name": "Abyssal", 
            "script": "Barazhad"
        }
    }, 
    {
        "pk": 1, 
        "model": "character_builder.vision", 
        "fields": {
            "name": "Normal"
        }
    }, 
    {
        "pk": 2, 
        "model": "character_builder.vision", 
        "fields": {
            "name": "Low-light"
        }
    }, 
    {
        "pk": 3, 
        "model": "character_builder.vision", 
        "fields": {
            "name": "Darkvision"
        }
    }, 
    {
        "pk": 1, 
        "model": "character_builder.race", 
        "fields": {
            "modifiers": [
                8, 
                9
            ], 
            "name": "Dragonborn", 
            "average_weight_text": "220 - 320 lb", 
            "description": "<p>Born to fight, dragonborn are a race of wandering mercenaries, soldiers, and adventurers. Long ago, their empire contended for worldwide dominion, but now only a few rootless clans of these honorable warriors remain to pass on their legends of ancient glory.</p><p>Play a dragonborn if you want . . .</p><p>\u2726 to look like a dragon.</p><p>\u2726 to be the proud heir of an ancient, fallen empire.</p><p>\u2726 to breathe acid, cold, fire, lightning, or poison.</p><p>\u2726 to be a member of a race that favors the warlord, fighter, and paladin classes", 
            "languages": [
                1, 
                3
            ], 
            "source": 1, 
            "average_height_text": "6' 2\" - 6' 8\"", 
            "playable": false, 
            "speed": 6, 
            "vision": 1, 
            "size": 3
        }
    }, 
    {
        "pk": 2, 
        "model": "character_builder.race", 
        "fields": {
            "modifiers": [
                4, 
                7
            ], 
            "name": "Dwarf", 
            "average_weight_text": "160 - 220 lb", 
            "description": "<p>Carved from the bedrock of the universe, dwarves endured an age of servitude to giants before winning their freedom. Their mighty mountain fortress-cities testify to the power of their ancient empires. Even those who live in human cities are counted among the staunchest defenders against the darkness that threatens to engulf the world.\r\n\r\nPlay a dwarf if you want . . .</p><p>\u2726 to be tough, gruff, and strong as bedrock.</p><p>\u2726 to bring glory to your ancestors or serve as your god\u2019s right hand.</p><p>\u2726 to be able to take as much punishment as you dish out.</p><p>\u2726 to be a member of a race that favors the paladin, cleric, and fighter classes.", 
            "languages": [
                1, 
                4
            ], 
            "source": 1, 
            "average_height_text": "4' 3\" - 4' 9\"", 
            "playable": false, 
            "speed": 5, 
            "vision": 2, 
            "size": 3
        }
    }, 
    {
        "pk": 3, 
        "model": "character_builder.race", 
        "fields": {
            "modifiers": [
                5, 
                6
            ], 
            "name": "Eladrin", 
            "average_weight_text": "130 - 180 lb", 
            "description": "<p>Creatures of magic with strong ties to nature, eladrin live in cities in the twilight realm of the Feywild. Their cities lie close enough to the world that they sometimes cross over, appearing briefly in mountain valleys or deep forest glades before fading back into the Feywild.\r\n\r\nPlay an eladrin if you want . . .</p><p>\u2726 to be otherworldly and mysterious.</p><p>\u2726 to be graceful and intelligent.</p><p>\u2726 to teleport around the battlefield, cloaked in the magic of the Feywild.</p><p>\u2726 to be a member of a race that favors the wizard, rogue, and warlord classes.", 
            "languages": [
                1, 
                5
            ], 
            "source": 1, 
            "average_height_text": "5' 5\" - 6' 1\"", 
            "playable": false, 
            "speed": 6, 
            "vision": 2, 
            "size": 3
        }
    }, 
    {
        "pk": 4, 
        "model": "character_builder.race", 
        "fields": {
            "modifiers": [
                4, 
                6
            ], 
            "name": "Elf", 
            "average_weight_text": "130 - 170 lb", 
            "description": "<p>Wild and free, elves guard their forested lands using stealth and deadly arrows from the trees. They build their homes in close harmony with the forest, so perfectly joined that travelers often fail to notice that they have entered an elven community until it is too late.\r\n\r\nPlay an elf if you want . . .</p><p>\u2726 to be quick, quiet, and wild.</p><p>\u2726 to lead your companions through the deep woods and pepper your enemies with arrows.</p><p>\u2726 to be a member of a race that favors the ranger, rogue, and cleric classes.", 
            "languages": [
                1, 
                5
            ], 
            "source": 1, 
            "average_height_text": "5' 4\" - 6' 0\"", 
            "playable": false, 
            "speed": 7, 
            "vision": 2, 
            "size": 3
        }
    }, 
    {
        "pk": 5, 
        "model": "character_builder.race", 
        "fields": {
            "modifiers": [
                7, 
                8
            ], 
            "name": "Half-Elf", 
            "average_weight_text": "130-190 lb", 
            "description": "<p>Descended from elves and humans, half-elves are a vital race in which the best features of elves and humans often appear.\r\n\r\nPlay a half-elf if you want . . .</p><p>\u2726 to be an outgoing, enthusiastic leader.</p><p>\u2726 to be a charismatic hero equally at home in two different cultures.</p><p>\u2726 to be a member of a race that favors the warlord, paladin, and warlock classes.", 
            "languages": [
                1, 
                5
            ], 
            "source": 1, 
            "average_height_text": "5' 5\" - 6' 2\"", 
            "playable": false, 
            "speed": 6, 
            "vision": 2, 
            "size": 3
        }
    }, 
    {
        "pk": 6, 
        "model": "character_builder.race", 
        "fields": {
            "modifiers": [
                6, 
                8
            ], 
            "name": "Halfling", 
            "average_weight_text": "75-85 lb", 
            "description": "<p>Halflings are a small race known for their resourcefulness, quick wits, and steady nerves. They are a nomadic folk who roam waterways and marshlands. No people travel farther or see more of what happens in the world than halflings.\r\n\r\nPlay a halfling if you want . . .</p><p>\u2726 to be a plucky hero who is all too easy to underestimate.</p><p>\u2726 to be likable, warm, and friendly.</p><p>\u2726 to be a member of a race that favors the rogue, ranger, and warlock classes.", 
            "languages": [
                1
            ], 
            "source": 1, 
            "average_height_text": "3' 10 - 4' 2\"", 
            "playable": false, 
            "speed": 6, 
            "vision": 1, 
            "size": 2
        }
    }, 
    {
        "pk": 17, 
        "model": "character_builder.race", 
        "fields": {
            "modifiers": [], 
            "name": "Human", 
            "average_weight_text": "135-220 lb", 
            "description": "<p>Of all the civilized races, humans are the most adaptable and diverse. Human settlements can be found almost anywhere, and human morals, customs, and interests vary greatly.\r\n\r\nPlay a human if you want . . .</p><p>\u2726 to be a decisive, resourceful hero with enough determination to face any challenge.</p><p>\u2726 to have the most versatility and flexibility of any race.</p><p>\u2726 to be able to excel at any class you choose.", 
            "languages": [
                1
            ], 
            "source": 1, 
            "average_height_text": "5' 6\" - 6' 2\"", 
            "playable": false, 
            "speed": 6, 
            "vision": 1, 
            "size": 3
        }
    }, 
    {
        "pk": 18, 
        "model": "character_builder.race", 
        "fields": {
            "modifiers": [], 
            "name": "Kobold", 
            "average_weight_text": "60-75 lb", 
            "description": "Kobolds revere dragons and tend to dwell in and around places where dragons are known to lair. They skulk in the darkness, hiding from stronger foes and swarming to overwhelm weaker ones. Kobolds are cowardly and usually flee once bloodied unless a strong leader is present. Kobolds like to set traps and ambushes. If they can\u2019t get their enemies to walk into a trap, they try to sneak up as close as they can and then attack in a sudden rush.", 
            "languages": [
                1, 
                3
            ], 
            "source": 4, 
            "average_height_text": "3'6 - 4'0\"", 
            "playable": false, 
            "speed": 6, 
            "vision": 1, 
            "size": 2
        }
    }, 
    {
        "pk": 7, 
        "model": "character_builder.race", 
        "fields": {
            "modifiers": [
                5, 
                8
            ], 
            "name": "Tiefling", 
            "average_weight_text": "140-230 lb", 
            "description": "<p>Heirs to an ancient, infernal bloodline, tieflings have no realms of their own but instead live within human kingdoms and cities. They are descended from human nobles who bargained with dark powers, and long ago their empire subjugated half the world. But the empire was cast down into ruin, and tieflings were left to make their own way in a world that often fears and resents them.\r\n\r\nPlay a tiefling if you want . . .</p><p>\u2726 to be a hero who has a dark side to overcome.</p><p>\u2726 to be good at tricking, intimidating, or persuading others to do your will.</p><p>\u2726 to be a member of a race that favors the warlock, warlord, and rogue classes.", 
            "languages": [
                1
            ], 
            "source": 1, 
            "average_height_text": "5' 6\" - 6' 2\"", 
            "playable": false, 
            "speed": 6, 
            "vision": 2, 
            "size": 3
        }
    }, 
    {
        "pk": 1, 
        "model": "character_builder.racefeature", 
        "fields": {
            "name": "Eladrin Education", 
            "choices": [], 
            "requires_choice": false, 
            "benefit": "You gain training in one additional skill.", 
            "race": 3, 
            "has_passive_effects": false, 
            "passive_effects": []
        }
    }, 
    {
        "pk": 2, 
        "model": "character_builder.racefeature", 
        "fields": {
            "name": "Eladrin Weapon Proficiency", 
            "choices": [], 
            "requires_choice": false, 
            "benefit": "You gain proficiency with the longsword.", 
            "race": 3, 
            "has_passive_effects": true, 
            "passive_effects": []
        }
    }, 
    {
        "pk": 3, 
        "model": "character_builder.racefeature", 
        "fields": {
            "name": "Eladrin Will", 
            "choices": [], 
            "requires_choice": false, 
            "benefit": "You gain a +1 racial bonus to your Will defense. In addition, you gain a +5 racial bonus to saving throws against charm effects.", 
            "race": 3, 
            "has_passive_effects": true, 
            "passive_effects": []
        }
    }, 
    {
        "pk": 4, 
        "model": "character_builder.racefeature", 
        "fields": {
            "name": "Fey Origin", 
            "choices": [], 
            "requires_choice": false, 
            "benefit": "Your ancestors were native to the Feywild, so you are considered a fey creature for the purpose of effects that relate to creature origin.", 
            "race": 3, 
            "has_passive_effects": false, 
            "passive_effects": []
        }
    }, 
    {
        "pk": 5, 
        "model": "character_builder.racefeature", 
        "fields": {
            "name": "Trance", 
            "choices": [], 
            "requires_choice": false, 
            "benefit": "Rather than sleep, eladrin enter a meditative state known as trance. You need to spend 4 hours in this state to gain the same benefits other races gain from taking a 6-hour extended rest. While in a trance, you are fully aware of your surroundings and notice approaching enemies and other events as normal.", 
            "race": 3, 
            "has_passive_effects": false, 
            "passive_effects": []
        }
    }, 
    {
        "pk": 6, 
        "model": "character_builder.racefeature", 
        "fields": {
            "name": "Fey Step", 
            "choices": [], 
            "requires_choice": false, 
            "benefit": "You can use Fey Step as an encounter power.", 
            "race": 3, 
            "has_passive_effects": false, 
            "passive_effects": []
        }
    }, 
    {
        "pk": 7, 
        "model": "character_builder.racefeature", 
        "fields": {
            "name": "Cast-Iron Stomach", 
            "choices": [], 
            "requires_choice": false, 
            "benefit": "+5 racial bonus to saving throws against poison.", 
            "race": 2, 
            "has_passive_effects": false, 
            "passive_effects": []
        }
    }, 
    {
        "pk": 8, 
        "model": "character_builder.racefeature", 
        "fields": {
            "name": "Dwarven Resilience", 
            "choices": [], 
            "requires_choice": false, 
            "benefit": "You can use your second wind as a minor action instead of a standard action.", 
            "race": 2, 
            "has_passive_effects": false, 
            "passive_effects": []
        }
    }, 
    {
        "pk": 9, 
        "model": "character_builder.racefeature", 
        "fields": {
            "name": "Dwarven Weapon Proficiency", 
            "choices": [], 
            "requires_choice": false, 
            "benefit": "You gain proficiency with the throwing hammer and the warhammer.", 
            "race": 2, 
            "has_passive_effects": true, 
            "passive_effects": []
        }
    }, 
    {
        "pk": 10, 
        "model": "character_builder.racefeature", 
        "fields": {
            "name": "Encumbered Speed", 
            "choices": [], 
            "requires_choice": false, 
            "benefit": "You move at your normal speed even when it would normally be reduced by armor or a heavy load. Other effects that limit speed (such as difficult terrain or magical effects) affect you normally.", 
            "race": 2, 
            "has_passive_effects": false, 
            "passive_effects": []
        }
    }, 
    {
        "pk": 11, 
        "model": "character_builder.racefeature", 
        "fields": {
            "name": "Stand Your Ground", 
            "choices": [], 
            "requires_choice": false, 
            "benefit": "When an effect forces you to move\u2014through a pull, a push, or a slide\u2014you can move 1 square less than the effect specifies. This means an effect that normally pulls, pushes, or slides a target 1 square does not force you to move unless you want to.\r\nIn addition, when an attack would knock you prone, you can immediately make a saving throw to avoid falling prone.", 
            "race": 2, 
            "has_passive_effects": false, 
            "passive_effects": []
        }
    }, 
    {
        "pk": 12, 
        "model": "character_builder.racefeature", 
        "fields": {
            "name": "Dilettante", 
            "choices": [], 
            "requires_choice": false, 
            "benefit": "At 1st level, you choose an at-will power from a class different from yours. You can use that power as an encounter power.", 
            "race": 5, 
            "has_passive_effects": false, 
            "passive_effects": []
        }
    }, 
    {
        "pk": 13, 
        "model": "character_builder.racefeature", 
        "fields": {
            "name": "Dual Heritage", 
            "choices": [], 
            "requires_choice": false, 
            "benefit": "You can take feats that have either elf or human as a prerequisite (as well as those specifically for half-elves), as long as you meet any other requirements.", 
            "race": 5, 
            "has_passive_effects": false, 
            "passive_effects": []
        }
    }, 
    {
        "pk": 14, 
        "model": "character_builder.racefeature", 
        "fields": {
            "name": "Group Diplomacy", 
            "choices": [], 
            "requires_choice": false, 
            "benefit": "You grant allies within 10 squares of you a +1 racial bonus to Diplomacy checks.", 
            "race": 5, 
            "has_passive_effects": false, 
            "passive_effects": []
        }
    }, 
    {
        "pk": 15, 
        "model": "character_builder.racefeature", 
        "fields": {
            "name": "Bold", 
            "choices": [], 
            "requires_choice": false, 
            "benefit": "You gain a +5 racial bonus to saving throws against fear.", 
            "race": 6, 
            "has_passive_effects": false, 
            "passive_effects": []
        }
    }, 
    {
        "pk": 16, 
        "model": "character_builder.racefeature", 
        "fields": {
            "name": "Nimble Reaction", 
            "choices": [], 
            "requires_choice": false, 
            "benefit": "You gain a +2 racial bonus to AC against opportunity attacks.", 
            "race": 6, 
            "has_passive_effects": false, 
            "passive_effects": []
        }
    }, 
    {
        "pk": 17, 
        "model": "character_builder.racefeature", 
        "fields": {
            "name": "Second Chance", 
            "choices": [], 
            "requires_choice": false, 
            "benefit": "You can use second chance as an encounter power.", 
            "race": 6, 
            "has_passive_effects": false, 
            "passive_effects": []
        }
    }, 
    {
        "pk": 18, 
        "model": "character_builder.racefeature", 
        "fields": {
            "name": "Bonus At-Will Power", 
            "choices": [], 
            "requires_choice": false, 
            "benefit": "You know one extra at-will power from your class.", 
            "race": 17, 
            "has_passive_effects": false, 
            "passive_effects": []
        }
    }, 
    {
        "pk": 19, 
        "model": "character_builder.racefeature", 
        "fields": {
            "name": "Bonus Feat", 
            "choices": [], 
            "requires_choice": false, 
            "benefit": "You gain a bonus feat at 1st level. You must meet the feat's prerequisites.", 
            "race": 17, 
            "has_passive_effects": false, 
            "passive_effects": []
        }
    }, 
    {
        "pk": 20, 
        "model": "character_builder.racefeature", 
        "fields": {
            "name": "Bonus Skill", 
            "choices": [], 
            "requires_choice": false, 
            "benefit": "You gain training in one additional skill from your class skill list.", 
            "race": 17, 
            "has_passive_effects": false, 
            "passive_effects": []
        }
    }, 
    {
        "pk": 21, 
        "model": "character_builder.racefeature", 
        "fields": {
            "name": "Human Defense Bonuses", 
            "choices": [], 
            "requires_choice": false, 
            "benefit": "+1 to Fortitude, Reflex, and Will defenses.", 
            "race": 17, 
            "has_passive_effects": true, 
            "passive_effects": [
                2, 
                3
            ]
        }
    }, 
    {
        "pk": 1, 
        "model": "character_builder.raceabilitymod", 
        "fields": {
            "modifier": 2, 
            "race": 4, 
            "ability": 5
        }
    }, 
    {
        "pk": 2, 
        "model": "character_builder.raceabilitymod", 
        "fields": {
            "modifier": 2, 
            "race": 4, 
            "ability": 3
        }
    }, 
    {
        "pk": 3, 
        "model": "character_builder.raceabilitymod", 
        "fields": {
            "modifier": 2, 
            "race": 1, 
            "ability": 1
        }
    }, 
    {
        "pk": 4, 
        "model": "character_builder.raceabilitymod", 
        "fields": {
            "modifier": 2, 
            "race": 1, 
            "ability": 6
        }
    }, 
    {
        "pk": 5, 
        "model": "character_builder.raceabilitymod", 
        "fields": {
            "modifier": 2, 
            "race": 2, 
            "ability": 2
        }
    }, 
    {
        "pk": 6, 
        "model": "character_builder.raceabilitymod", 
        "fields": {
            "modifier": 2, 
            "race": 2, 
            "ability": 5
        }
    }, 
    {
        "pk": 7, 
        "model": "character_builder.raceabilitymod", 
        "fields": {
            "modifier": 2, 
            "race": 3, 
            "ability": 3
        }
    }, 
    {
        "pk": 8, 
        "model": "character_builder.raceabilitymod", 
        "fields": {
            "modifier": 2, 
            "race": 3, 
            "ability": 4
        }
    }, 
    {
        "pk": 9, 
        "model": "character_builder.raceabilitymod", 
        "fields": {
            "modifier": 2, 
            "race": 5, 
            "ability": 2
        }
    }, 
    {
        "pk": 10, 
        "model": "character_builder.raceabilitymod", 
        "fields": {
            "modifier": 2, 
            "race": 5, 
            "ability": 6
        }
    }, 
    {
        "pk": 11, 
        "model": "character_builder.raceabilitymod", 
        "fields": {
            "modifier": 2, 
            "race": 6, 
            "ability": 3
        }
    }, 
    {
        "pk": 12, 
        "model": "character_builder.raceabilitymod", 
        "fields": {
            "modifier": 2, 
            "race": 6, 
            "ability": 6
        }
    }, 
    {
        "pk": 13, 
        "model": "character_builder.raceabilitymod", 
        "fields": {
            "modifier": 2, 
            "race": 7, 
            "ability": 4
        }
    }, 
    {
        "pk": 14, 
        "model": "character_builder.raceabilitymod", 
        "fields": {
            "modifier": 2, 
            "race": 7, 
            "ability": 6
        }
    }, 
    {
        "pk": 1, 
        "model": "character_builder.raceskillmod", 
        "fields": {
            "skill": 12, 
            "race": 4, 
            "modifier": 2
        }
    }, 
    {
        "pk": 2, 
        "model": "character_builder.raceskillmod", 
        "fields": {
            "skill": 13, 
            "race": 4, 
            "modifier": 2
        }
    }, 
    {
        "pk": 3, 
        "model": "character_builder.raceskillmod", 
        "fields": {
            "skill": 9, 
            "race": 1, 
            "modifier": 2
        }
    }, 
    {
        "pk": 4, 
        "model": "character_builder.raceskillmod", 
        "fields": {
            "skill": 11, 
            "race": 1, 
            "modifier": 2
        }
    }, 
    {
        "pk": 5, 
        "model": "character_builder.raceskillmod", 
        "fields": {
            "skill": 6, 
            "race": 2, 
            "modifier": 2
        }
    }, 
    {
        "pk": 6, 
        "model": "character_builder.raceskillmod", 
        "fields": {
            "skill": 7, 
            "race": 2, 
            "modifier": 2
        }
    }, 
    {
        "pk": 7, 
        "model": "character_builder.raceskillmod", 
        "fields": {
            "skill": 2, 
            "race": 3, 
            "modifier": 2
        }
    }, 
    {
        "pk": 8, 
        "model": "character_builder.raceskillmod", 
        "fields": {
            "skill": 9, 
            "race": 3, 
            "modifier": 2
        }
    }, 
    {
        "pk": 9, 
        "model": "character_builder.raceskillmod", 
        "fields": {
            "skill": 5, 
            "race": 5, 
            "modifier": 2
        }
    }, 
    {
        "pk": 10, 
        "model": "character_builder.raceskillmod", 
        "fields": {
            "skill": 10, 
            "race": 5, 
            "modifier": 2
        }
    }, 
    {
        "pk": 11, 
        "model": "character_builder.raceskillmod", 
        "fields": {
            "skill": 1, 
            "race": 6, 
            "modifier": 2
        }
    }, 
    {
        "pk": 12, 
        "model": "character_builder.raceskillmod", 
        "fields": {
            "skill": 17, 
            "race": 6, 
            "modifier": 2
        }
    }, 
    {
        "pk": 13, 
        "model": "character_builder.raceskillmod", 
        "fields": {
            "skill": 4, 
            "race": 7, 
            "modifier": 2
        }
    }, 
    {
        "pk": 14, 
        "model": "character_builder.raceskillmod", 
        "fields": {
            "skill": 15, 
            "race": 7, 
            "modifier": 2
        }
    }, 
    {
        "pk": 1, 
        "model": "character_builder.weaponcategory", 
        "fields": {
            "name": "Improvised Melee One-Handed"
        }
    }, 
    {
        "pk": 2, 
        "model": "character_builder.weaponcategory", 
        "fields": {
            "name": "Improvised Ranged One-Handed"
        }
    }, 
    {
        "pk": 3, 
        "model": "character_builder.weaponcategory", 
        "fields": {
            "name": "Simple Melee One-Handed"
        }
    }, 
    {
        "pk": 4, 
        "model": "character_builder.weaponcategory", 
        "fields": {
            "name": "Simple Ranged One-Handed"
        }
    }, 
    {
        "pk": 5, 
        "model": "character_builder.weaponcategory", 
        "fields": {
            "name": "Military Melee One-Handed"
        }
    }, 
    {
        "pk": 6, 
        "model": "character_builder.weaponcategory", 
        "fields": {
            "name": "Military Ranged One-Handed"
        }
    }, 
    {
        "pk": 7, 
        "model": "character_builder.weaponcategory", 
        "fields": {
            "name": "Superior Melee One-Handed"
        }
    }, 
    {
        "pk": 8, 
        "model": "character_builder.weaponcategory", 
        "fields": {
            "name": "Superior Ranged One-Handed"
        }
    }, 
    {
        "pk": 9, 
        "model": "character_builder.weaponcategory", 
        "fields": {
            "name": "Improvised Melee Two-Handed"
        }
    }, 
    {
        "pk": 10, 
        "model": "character_builder.weaponcategory", 
        "fields": {
            "name": "Improvised Ranged Two-Handed"
        }
    }, 
    {
        "pk": 11, 
        "model": "character_builder.weaponcategory", 
        "fields": {
            "name": "Simple Melee Two-Handed"
        }
    }, 
    {
        "pk": 12, 
        "model": "character_builder.weaponcategory", 
        "fields": {
            "name": "Simple Ranged Two-Handed"
        }
    }, 
    {
        "pk": 13, 
        "model": "character_builder.weaponcategory", 
        "fields": {
            "name": "Military Melee Two-Handed"
        }
    }, 
    {
        "pk": 14, 
        "model": "character_builder.weaponcategory", 
        "fields": {
            "name": "Military Ranged Two-Handed"
        }
    }, 
    {
        "pk": 15, 
        "model": "character_builder.weaponcategory", 
        "fields": {
            "name": "Superior Melee Two-Handed"
        }
    }, 
    {
        "pk": 16, 
        "model": "character_builder.weaponcategory", 
        "fields": {
            "name": "Superior Ranged Two-Handed"
        }
    }, 
    {
        "pk": 1, 
        "model": "character_builder.weapongroup", 
        "fields": {
            "name": "Axe"
        }
    }, 
    {
        "pk": 2, 
        "model": "character_builder.weapongroup", 
        "fields": {
            "name": "Bow"
        }
    }, 
    {
        "pk": 3, 
        "model": "character_builder.weapongroup", 
        "fields": {
            "name": "Crossbow"
        }
    }, 
    {
        "pk": 4, 
        "model": "character_builder.weapongroup", 
        "fields": {
            "name": "Flail"
        }
    }, 
    {
        "pk": 5, 
        "model": "character_builder.weapongroup", 
        "fields": {
            "name": "Hammer"
        }
    }, 
    {
        "pk": 6, 
        "model": "character_builder.weapongroup", 
        "fields": {
            "name": "Heavy Blade"
        }
    }, 
    {
        "pk": 7, 
        "model": "character_builder.weapongroup", 
        "fields": {
            "name": "Light Blade"
        }
    }, 
    {
        "pk": 8, 
        "model": "character_builder.weapongroup", 
        "fields": {
            "name": "Mace"
        }
    }, 
    {
        "pk": 9, 
        "model": "character_builder.weapongroup", 
        "fields": {
            "name": "Pick"
        }
    }, 
    {
        "pk": 10, 
        "model": "character_builder.weapongroup", 
        "fields": {
            "name": "Polearm"
        }
    }, 
    {
        "pk": 11, 
        "model": "character_builder.weapongroup", 
        "fields": {
            "name": "Sling"
        }
    }, 
    {
        "pk": 12, 
        "model": "character_builder.weapongroup", 
        "fields": {
            "name": "Spear"
        }
    }, 
    {
        "pk": 13, 
        "model": "character_builder.weapongroup", 
        "fields": {
            "name": "Staff"
        }
    }, 
    {
        "pk": 14, 
        "model": "character_builder.weapongroup", 
        "fields": {
            "name": "Unarmed"
        }
    }, 
    {
        "pk": 1, 
        "model": "character_builder.weaponproficiencygroup", 
        "fields": {
            "name": "Simple", 
            "categories": [
                3, 
                4, 
                11, 
                12
            ]
        }
    }, 
    {
        "pk": 2, 
        "model": "character_builder.weaponproficiencygroup", 
        "fields": {
            "name": "Simple Melee", 
            "categories": [
                3, 
                11
            ]
        }
    }, 
    {
        "pk": 3, 
        "model": "character_builder.weaponproficiencygroup", 
        "fields": {
            "name": "Simple Ranged", 
            "categories": [
                4, 
                12
            ]
        }
    }, 
    {
        "pk": 4, 
        "model": "character_builder.weaponproficiencygroup", 
        "fields": {
            "name": "Military", 
            "categories": [
                5, 
                6, 
                13, 
                14
            ]
        }
    }, 
    {
        "pk": 5, 
        "model": "character_builder.weaponproficiencygroup", 
        "fields": {
            "name": "Military Melee", 
            "categories": [
                5, 
                13
            ]
        }
    }, 
    {
        "pk": 6, 
        "model": "character_builder.weaponproficiencygroup", 
        "fields": {
            "name": "Military Ranged", 
            "categories": [
                6, 
                14
            ]
        }
    }, 
    {
        "pk": 1, 
        "model": "character_builder.weapontype", 
        "fields": {
            "category": 3, 
            "group": 7, 
            "name": "Dagger", 
            "weapon_range": "5/10", 
            "damage": "1d4", 
            "proficiency": "+3", 
            "properties": "Off-hand, light thrown"
        }
    }, 
    {
        "pk": 2, 
        "model": "character_builder.weapontype", 
        "fields": {
            "category": 5, 
            "group": 7, 
            "name": "Short sword", 
            "weapon_range": "-", 
            "damage": "1d6", 
            "proficiency": "+3", 
            "properties": "offhand"
        }
    }, 
    {
        "pk": 3, 
        "model": "character_builder.weapontype", 
        "fields": {
            "category": 4, 
            "group": 11, 
            "name": "Sling", 
            "weapon_range": "10/20", 
            "damage": "1d6", 
            "proficiency": "+2", 
            "properties": "Load free"
        }
    }, 
    {
        "pk": 4, 
        "model": "character_builder.weapontype", 
        "fields": {
            "category": 4, 
            "group": 4, 
            "name": "Hand crossbow", 
            "weapon_range": "10/20", 
            "damage": "1d6", 
            "proficiency": "+2", 
            "properties": "Load free"
        }
    }, 
    {
        "pk": 5, 
        "model": "character_builder.weapontype", 
        "fields": {
            "category": 8, 
            "group": 7, 
            "name": "Shuriken", 
            "weapon_range": "6/12", 
            "damage": "1d4", 
            "proficiency": "+3", 
            "properties": "Light thrown"
        }
    }, 
    {
        "pk": 6, 
        "model": "character_builder.weapontype", 
        "fields": {
            "category": 5, 
            "group": 6, 
            "name": "Longsword", 
            "weapon_range": "-", 
            "damage": "1d8", 
            "proficiency": "+3", 
            "properties": "Versatile"
        }
    }, 
    {
        "pk": 1, 
        "model": "character_builder.armorclass", 
        "fields": {
            "name": "Light"
        }
    }, 
    {
        "pk": 2, 
        "model": "character_builder.armorclass", 
        "fields": {
            "name": "Heavy"
        }
    }, 
    {
        "pk": 1, 
        "model": "character_builder.armortype", 
        "fields": {
            "armor_class": 1, 
            "name": "Cloth"
        }
    }, 
    {
        "pk": 2, 
        "model": "character_builder.armortype", 
        "fields": {
            "armor_class": 1, 
            "name": "Leather"
        }
    }, 
    {
        "pk": 3, 
        "model": "character_builder.armortype", 
        "fields": {
            "armor_class": 1, 
            "name": "Hide"
        }
    }, 
    {
        "pk": 4, 
        "model": "character_builder.armortype", 
        "fields": {
            "armor_class": 2, 
            "name": "Chainmail"
        }
    }, 
    {
        "pk": 5, 
        "model": "character_builder.armortype", 
        "fields": {
            "armor_class": 2, 
            "name": "Scale"
        }
    }, 
    {
        "pk": 6, 
        "model": "character_builder.armortype", 
        "fields": {
            "armor_class": 2, 
            "name": "Plate"
        }
    }, 
    {
        "pk": 7, 
        "model": "character_builder.armortype", 
        "fields": {
            "armor_class": 1, 
            "name": "Light Shield"
        }
    }, 
    {
        "pk": 8, 
        "model": "character_builder.armortype", 
        "fields": {
            "armor_class": 2, 
            "name": "Heavy Shield"
        }
    }, 
    {
        "pk": 1, 
        "model": "character_builder.currency", 
        "fields": {
            "abbreviation": "cp", 
            "name": "Copper Piece", 
            "weight": "0.32"
        }
    }, 
    {
        "pk": 2, 
        "model": "character_builder.currency", 
        "fields": {
            "abbreviation": "sp", 
            "name": "Silver Piece", 
            "weight": "0.32"
        }
    }, 
    {
        "pk": 3, 
        "model": "character_builder.currency", 
        "fields": {
            "abbreviation": "gp", 
            "name": "Gold Piece", 
            "weight": "0.32"
        }
    }, 
    {
        "pk": 4, 
        "model": "character_builder.currency", 
        "fields": {
            "abbreviation": "pp", 
            "name": "Platinum Piece", 
            "weight": "0.32"
        }
    }, 
    {
        "pk": 5, 
        "model": "character_builder.currency", 
        "fields": {
            "abbreviation": "ad", 
            "name": "Astral Diamond", 
            "weight": "0.032"
        }
    }, 
    {
        "pk": 1, 
        "model": "character_builder.currencyexchange", 
        "fields": {
            "currency_from": 1, 
            "currency_to": 2, 
            "exchange_rate": "0.1"
        }
    }, 
    {
        "pk": 2, 
        "model": "character_builder.currencyexchange", 
        "fields": {
            "currency_from": 1, 
            "currency_to": 3, 
            "exchange_rate": "0.01"
        }
    }, 
    {
        "pk": 3, 
        "model": "character_builder.currencyexchange", 
        "fields": {
            "currency_from": 1, 
            "currency_to": 4, 
            "exchange_rate": "0.0001"
        }
    }, 
    {
        "pk": 4, 
        "model": "character_builder.currencyexchange", 
        "fields": {
            "currency_from": 1, 
            "currency_to": 5, 
            "exchange_rate": "0.0000010"
        }
    }, 
    {
        "pk": 5, 
        "model": "character_builder.currencyexchange", 
        "fields": {
            "currency_from": 1, 
            "currency_to": 1, 
            "exchange_rate": "1"
        }
    }, 
    {
        "pk": 6, 
        "model": "character_builder.currencyexchange", 
        "fields": {
            "currency_from": 2, 
            "currency_to": 1, 
            "exchange_rate": "10"
        }
    }, 
    {
        "pk": 7, 
        "model": "character_builder.currencyexchange", 
        "fields": {
            "currency_from": 2, 
            "currency_to": 2, 
            "exchange_rate": "1"
        }
    }, 
    {
        "pk": 8, 
        "model": "character_builder.currencyexchange", 
        "fields": {
            "currency_from": 2, 
            "currency_to": 3, 
            "exchange_rate": "0.1"
        }
    }, 
    {
        "pk": 9, 
        "model": "character_builder.currencyexchange", 
        "fields": {
            "currency_from": 2, 
            "currency_to": 4, 
            "exchange_rate": "0.001"
        }
    }, 
    {
        "pk": 10, 
        "model": "character_builder.currencyexchange", 
        "fields": {
            "currency_from": 2, 
            "currency_to": 5, 
            "exchange_rate": "0.000010"
        }
    }, 
    {
        "pk": 11, 
        "model": "character_builder.currencyexchange", 
        "fields": {
            "currency_from": 3, 
            "currency_to": 1, 
            "exchange_rate": "100"
        }
    }, 
    {
        "pk": 12, 
        "model": "character_builder.currencyexchange", 
        "fields": {
            "currency_from": 3, 
            "currency_to": 2, 
            "exchange_rate": "10"
        }
    }, 
    {
        "pk": 13, 
        "model": "character_builder.currencyexchange", 
        "fields": {
            "currency_from": 3, 
            "currency_to": 3, 
            "exchange_rate": "1"
        }
    }, 
    {
        "pk": 14, 
        "model": "character_builder.currencyexchange", 
        "fields": {
            "currency_from": 3, 
            "currency_to": 4, 
            "exchange_rate": "0.01"
        }
    }, 
    {
        "pk": 15, 
        "model": "character_builder.currencyexchange", 
        "fields": {
            "currency_from": 3, 
            "currency_to": 5, 
            "exchange_rate": "0.0001"
        }
    }, 
    {
        "pk": 16, 
        "model": "character_builder.currencyexchange", 
        "fields": {
            "currency_from": 4, 
            "currency_to": 1, 
            "exchange_rate": "10000"
        }
    }, 
    {
        "pk": 17, 
        "model": "character_builder.currencyexchange", 
        "fields": {
            "currency_from": 4, 
            "currency_to": 2, 
            "exchange_rate": "1000"
        }
    }, 
    {
        "pk": 18, 
        "model": "character_builder.currencyexchange", 
        "fields": {
            "currency_from": 4, 
            "currency_to": 3, 
            "exchange_rate": "100"
        }
    }, 
    {
        "pk": 19, 
        "model": "character_builder.currencyexchange", 
        "fields": {
            "currency_from": 4, 
            "currency_to": 4, 
            "exchange_rate": "1"
        }
    }, 
    {
        "pk": 20, 
        "model": "character_builder.currencyexchange", 
        "fields": {
            "currency_from": 4, 
            "currency_to": 5, 
            "exchange_rate": "0.01"
        }
    }, 
    {
        "pk": 21, 
        "model": "character_builder.currencyexchange", 
        "fields": {
            "currency_from": 5, 
            "currency_to": 1, 
            "exchange_rate": "1000000"
        }
    }, 
    {
        "pk": 22, 
        "model": "character_builder.currencyexchange", 
        "fields": {
            "currency_from": 5, 
            "currency_to": 2, 
            "exchange_rate": "100000"
        }
    }, 
    {
        "pk": 23, 
        "model": "character_builder.currencyexchange", 
        "fields": {
            "currency_from": 5, 
            "currency_to": 3, 
            "exchange_rate": "10000"
        }
    }, 
    {
        "pk": 24, 
        "model": "character_builder.currencyexchange", 
        "fields": {
            "currency_from": 5, 
            "currency_to": 4, 
            "exchange_rate": "100"
        }
    }, 
    {
        "pk": 25, 
        "model": "character_builder.currencyexchange", 
        "fields": {
            "currency_from": 5, 
            "currency_to": 5, 
            "exchange_rate": "1"
        }
    }, 
    {
        "pk": 1, 
        "model": "character_builder.price", 
        "fields": {
            "currency": 1, 
            "value": 0
        }
    }, 
    {
        "pk": 2, 
        "model": "character_builder.price", 
        "fields": {
            "currency": 3, 
            "value": 10
        }
    }, 
    {
        "pk": 1, 
        "model": "character_builder.item", 
        "fields": {
            "source": 1, 
            "price": 1, 
            "name": "Cloth armor (basic clothing)", 
            "weight": 0
        }
    }, 
    {
        "pk": 2, 
        "model": "character_builder.item", 
        "fields": {
            "source": 1, 
            "price": 1, 
            "name": "Leather armor", 
            "weight": 0
        }
    }, 
    {
        "pk": 3, 
        "model": "character_builder.item", 
        "fields": {
            "source": 1, 
            "price": 1, 
            "name": "Scale armor", 
            "weight": 0
        }
    }, 
    {
        "pk": 4, 
        "model": "character_builder.item", 
        "fields": {
            "source": 1, 
            "price": 2, 
            "name": "Heavy Shield", 
            "weight": 15
        }
    }, 
    {
        "pk": 1, 
        "model": "character_builder.armoritem", 
        "fields": {
            "armor_type": 1, 
            "armor_modifier": 14, 
            "penalties": []
        }
    }, 
    {
        "pk": 2, 
        "model": "character_builder.armoritem", 
        "fields": {
            "armor_type": 2, 
            "armor_modifier": 16, 
            "penalties": []
        }
    }, 
    {
        "pk": 3, 
        "model": "character_builder.armoritem", 
        "fields": {
            "armor_type": 5, 
            "armor_modifier": 17, 
            "penalties": []
        }
    }, 
    {
        "pk": 4, 
        "model": "character_builder.armoritem", 
        "fields": {
            "armor_type": 8, 
            "armor_modifier": 18, 
            "penalties": []
        }
    }, 
    {
        "pk": 1, 
        "model": "character_builder.classtype", 
        "fields": {
            "favored_abilities": [
                1, 
                5, 
                6
            ], 
            "modifiers": [
                10
            ], 
            "armor_proficiencies": [
                1, 
                2, 
                3, 
                4
            ], 
            "name": "Cleric", 
            "base_hit_points": 12, 
            "skill_choices": 4, 
            "hit_points_per_level": 5, 
            "role_flavor": "\u201cHave courage, my friends! Pelor favors us today!\u201d", 
            "source": 1, 
            "role": 3, 
            "trained_skills": [
                14
            ], 
            "weapon_proficiencies": [
                3, 
                4
            ], 
            "description": "Clerics are battle leaders who are invested with divine power. They blast foes with magical prayers, bolster and heal companions, and lead the way to victory with a mace in one hand and a holy symbol in the other. Clerics run the gamut from humble servants of the common folk to ruthless enforcers of evil gods."
        }
    }, 
    {
        "pk": 2, 
        "model": "character_builder.classtype", 
        "fields": {
            "favored_abilities": [
                1, 
                2, 
                3, 
                5
            ], 
            "modifiers": [
                11
            ], 
            "armor_proficiencies": [
                1, 
                2, 
                3, 
                4, 
                5, 
                7, 
                8
            ], 
            "name": "Fighter", 
            "base_hit_points": 15, 
            "skill_choices": 3, 
            "hit_points_per_level": 6, 
            "role_flavor": "\u201cYou\u2019ll have to deal with me first, dragon!\u201d", 
            "source": 1, 
            "role": 2, 
            "trained_skills": [], 
            "weapon_proficiencies": [
                1, 
                4
            ], 
            "description": "<p>Fighters are determined combat adepts trained to protect the other members of their adventuring groups. Fighters define the front line by bashing and slicing foes into submission while reflecting enemy attacks through the use of heavy armor. Fighters draw weapons for gold, for glory, for duty, and for the mere joy of unrestrained martial exercise.</p>\r\n<p>Regardless of your level of skill and the specific weapons you eventually master, your motivations determine who you defend and who you slay. You could be a noble champion who pledges your blade to gallant causes, a calculating mercenary who cares more for the clink of gold than praise, a homeless prince on the run from assassins, or a blood-loving thug looking for the next good fight.</p>\r\n<p>Your future is yours. When you unsheathe your weapon, what battle cry flies from your lips?</p>"
        }
    }, 
    {
        "pk": 3, 
        "model": "character_builder.classtype", 
        "fields": {
            "favored_abilities": [
                1, 
                5, 
                6
            ], 
            "modifiers": [
                2, 
                3, 
                12
            ], 
            "armor_proficiencies": [
                1, 
                2, 
                3, 
                4, 
                5, 
                6, 
                7, 
                8
            ], 
            "name": "Paladin", 
            "base_hit_points": 15, 
            "skill_choices": 3, 
            "hit_points_per_level": 6, 
            "role_flavor": "\u201cI am the righteous shield of Moradin and a sword in his mighty hand! I fear no evil!\u201d", 
            "source": 1, 
            "role": 2, 
            "trained_skills": [
                14
            ], 
            "weapon_proficiencies": [
                1, 
                5
            ], 
            "description": "<p>Paladins are indomitable warriors who\u2019ve pledged their prowess to something greater than themselves. Paladins smite enemies with divine authority, bolster the courage of nearby companions, and radiate as if a beacon of inextinguishable hope. Paladins are transfigured on the field of battle, exemplars of divine ethos in action.</p>\r\n<p>To you is given the responsibility to unflinchingly stand before an enemy\u2019s charge, smiting them with your sword while protecting your allies with your sacrifice. Where others waver and wonder, your motivation is pure and simple, and your devotion is your strength. Where others scheme and steal, you take the high road, refusing to allow the illusions of temptation to dissuade you from your obligations.</p>\r\n<p>Take up your blessed sword and sanctified shield, brave warrior, and charge forward to hallowed glory!</p>"
        }
    }, 
    {
        "pk": 4, 
        "model": "character_builder.classtype", 
        "fields": {
            "favored_abilities": [
                1, 
                3, 
                5
            ], 
            "modifiers": [
                2, 
                12
            ], 
            "armor_proficiencies": [
                1, 
                2, 
                3
            ], 
            "name": "Ranger", 
            "base_hit_points": 12, 
            "skill_choices": 4, 
            "hit_points_per_level": 5, 
            "role_flavor": "\u201cI\u2019ll get the one in the back. That\u2019s one hobgoblin who\u2019ll regret ever lifting a bow.\u201d", 
            "source": 1, 
            "role": 4, 
            "trained_skills": [], 
            "weapon_proficiencies": [
                1, 
                4
            ], 
            "description": "<p>Rangers are watchful warriors who roam past the horizon to safeguard a region, a principle, or a way of life. Masters of bow and blade, rangers excel at hit-andrun assaults and can quickly and silently eliminate foes. Rangers lay superb ambushes and excel at avoiding danger.</p>\r\n<p>As a ranger, you possess almost supernaturally keen senses and a deep appreciation for untamed wilderness. With your knowledge of the natural world, you are able to track enemies through nearly any landscape, using the smallest clue to set your course, even sometimes the calls and songs of beasts and birds. Your severe demeanor promises a deadly conclusion to any enemy you hunt.</p>\r\n<p>When you catch sight of your quarry, will the transgressor perish by swift bow shots from a distance, or by the twofold blades that glint and glitter in each of your battle-scarred hands?</p>"
        }
    }, 
    {
        "pk": 5, 
        "model": "character_builder.classtype", 
        "fields": {
            "favored_abilities": [
                1, 
                3, 
                6
            ], 
            "modifiers": [
                13
            ], 
            "armor_proficiencies": [
                1, 
                2
            ], 
            "name": "Rogue", 
            "base_hit_points": 12, 
            "skill_choices": 4, 
            "hit_points_per_level": 5, 
            "role_flavor": "\u201cYou look surprised to see me. If you\u2019d been paying attention, you might still be alive.\u201d", 
            "source": 1, 
            "role": 4, 
            "trained_skills": [
                15, 
                17
            ], 
            "weapon_proficiencies": [
                1
            ], 
            "description": "<p>Rogues are cunning and elusive adversaries. Rogues slip into and out of shadows on a whim, pass anywhere across the field of battle without fear of reprisal, and appear suddenly only to drive home a lethal blade.</p>\r\n<p>As a rogue, you might face others\u2019 preconceptions regarding your motivations, but your nature is your own to mold. You could be an agent fresh from the deposed king\u2019s shattered intelligence network, an accused criminal on the lam seeking to clear your name, a wiry performer whose goals transcend the theatrical stage, a kid trying to turn around your hardluck story, or a daredevil thrill-seeker who can\u2019t get enough of the adrenaline rush of conflict. Or perhaps you are merely in it for the gold, after all.</p>\r\n<p>With a blade up your sleeve and a concealing cloak across your shoulders, you stride forth, eyes alight with anticipation. What worldly wonders and rewards are yours for the taking?</p>"
        }
    }, 
    {
        "pk": 6, 
        "model": "character_builder.classtype", 
        "fields": {
            "favored_abilities": [
                2, 
                4, 
                6
            ], 
            "modifiers": [
                2, 
                3
            ], 
            "armor_proficiencies": [
                1, 
                2
            ], 
            "name": "Warlock", 
            "base_hit_points": 12, 
            "skill_choices": 4, 
            "hit_points_per_level": 5, 
            "role_flavor": "\u201cThe darkness holds no terror for me, demon! I curse you now under the Sign of Ill Omen!\u201d", 
            "source": 1, 
            "role": 4, 
            "trained_skills": [], 
            "weapon_proficiencies": [
                3, 
                4
            ], 
            "description": "<p>Warlocks channel arcane might wrested from primeval entities. They commune with infernal intelligences and fey spirits, scour enemies with potent blasts of eldritch power, and bedevil foes with hexing curses. Armed with esoteric secrets and dangerous lore, warlocks are clever and resourceful foes.</p>\r\n<p>However you came to your arcane knowledge, you need not accept the poor reputation warlocks sometimes endure. You could be a libram-toting scholar captivated by ominous lore, a foot-loose wanderer searching for elusive ultimate truths, a devil-touched hunter using infernal spells to eliminate evil, or even a black-clad mercenary who uses sinister trappings to discourage prying strangers and unwanted attention. On the other hand, you could be a true diabolist using your gifts to tyrannize the weak\u2014some warlocks unfortunately are exactly that.</p>\r\n<p>The pacts are complete. The rites have concluded. The signs are drawn in blood, and the seals are broken. Your destiny beckons.</p>"
        }
    }, 
    {
        "pk": 7, 
        "model": "character_builder.classtype", 
        "fields": {
            "favored_abilities": [
                1, 
                4, 
                6
            ], 
            "modifiers": [
                3, 
                12
            ], 
            "armor_proficiencies": [
                1, 
                2, 
                3, 
                4, 
                7
            ], 
            "name": "Warlord", 
            "base_hit_points": 12, 
            "skill_choices": 4, 
            "hit_points_per_level": 5, 
            "role_flavor": "\u201cOnward to victory! They cannot stand before us!\u201d", 
            "source": 1, 
            "role": 3, 
            "trained_skills": [], 
            "weapon_proficiencies": [
                1, 
                5
            ], 
            "description": "<p>Warlords are accomplished and competent battle leaders. Warlords stand on the front line issuing commands and bolstering their allies while leading the battle with weapon in hand. Warlords know how to rally a team to win a fight.</p>\r\n<p>Your ability to lead others to victory is a direct result of your history. You could be a minor warchief looking to make a name for yourself, a pious knightcommander on leave from your militant order, a youthful noble eager to apply years of training to life outside the castle walls, a calculating mercenary captain, or a courageous marshal of the borderlands who fights to protect the frontier. Regardless of your background, you are a skillful warrior with an uncanny gift for leadership.</p>\r\n<p>The weight of your armor is not a hindrance; it is a familiar comfort. The worn weapon grip molds to your hand as if it were a natural extension of your arm. It\u2019s time to fight and to lead.</p>"
        }
    }, 
    {
        "pk": 8, 
        "model": "character_builder.classtype", 
        "fields": {
            "favored_abilities": [
                3, 
                4, 
                5
            ], 
            "modifiers": [
                10
            ], 
            "armor_proficiencies": [
                1
            ], 
            "name": "Wizard", 
            "base_hit_points": 10, 
            "skill_choices": 3, 
            "hit_points_per_level": 4, 
            "role_flavor": "\u201cI am the fire that burns, the choking fog, the storm that rains devastation on our foes.\u201d", 
            "source": 1, 
            "role": 1, 
            "trained_skills": [
                2
            ], 
            "weapon_proficiencies": [
                3
            ], 
            "description": "<p>Wizards are scions of arcane magic. Wizards tap the true power that permeates the cosmos, research esoteric rituals that can alter time and space, and hurl balls of fire that incinerate massed foes. Wizards wield spells the way warriors brandish swords.</p>\r\n<p>Magic lured you into its grasp, and now you seek to master it in turn. You could be a bespectacled sage searching for dusty tomes in forgotten sepulchers, a scarred war mage plying foes with fireballs and foul language in equal measure, a disgruntled apprentice who absconded with your master\u2019s spellbooks, an eladrin upholding the magical tradition of your race, or even a power-hungry student of magic who might do anything to learn a new spell.</p>\r\n<p>A cloak of spells enfolds you, ancient rituals bolster your senses, and runed implements of your craft hang from your belt. Effervescing arcane lore pulses through your consciousness, a constant pressure  craving release. When will you know enough magic to storm the ramparts of reality itself?</p>"
        }
    }, 
    {
        "pk": 1, 
        "model": "character_builder.classfeaturechoice", 
        "fields": {
            "benefit": "Once per encounter as a free action, you can use your orb to gain one of the following two effects. You can designate one creature you have cast a wizard spell upon that has an effect that lasts until the subject succeeds on a saving throw. That creature takes a penalty to its saving throws against that effect equal to your Wisdom modifier. Alternatively, you can choose to extend the duration of an effect created by a wizard at-will spell (such as cloud of daggers or ray of frost) that would otherwise end at the end of your current turn. The effect instead ends at the end of your next turn. You must wield an orb to use this ability. Control wizards select this form of mastery because it helps extend the duration of their control effects.", 
            "name": "Orb of Imposition"
        }
    }, 
    {
        "pk": 2, 
        "model": "character_builder.classfeaturechoice", 
        "fields": {
            "benefit": "A staff of defense grants you a +1 bonus to AC. In addition, once per encounter as an immediate interrupt, you gain a bonus to defense against one attack equal to your Constitution modifier. You can declare the bonus after the Dungeon Master has already told you the damage total. You must wield your staff to benefit from these features. This form of mastery is useful for all wizards, particularly if you dabble in both control and damage-dealing spells.", 
            "name": "Staff of Defense"
        }
    }, 
    {
        "pk": 3, 
        "model": "character_builder.classfeaturechoice", 
        "fields": {
            "benefit": "Once per encounter as a free action, you gain a bonus to a single attack roll equal to your Dexterity modifier. You must wield your wand to benefit from this feature. This form of mastery is good for war wizards because it helps increase their accuracy with damaging powers.", 
            "name": "Wand of Accuracy"
        }
    }, 
    {
        "pk": 1, 
        "model": "character_builder.classfeature", 
        "fields": {
            "name": "Hunter\u2019s Quarry", 
            "passive_effects": [], 
            "requires_choice": false, 
            "benefit": "<p>Once per turn as a minor action, you can designate the enemy nearest to you as your quarry.</p>\r\n<p>Once per round, you deal extra damage to your quarry. The extra damage is based on your level. If you can make multiple attacks in a round, you decide which attack to apply the extra damage to after all the attacks are rolled.</p>\r\n<p>The hunter\u2019s quarry effect remains active until the end of the encounter, until the quarry is defeated, or until you designate a different target as your quarry. </p>\r\n<p>You can designate one enemy as your quarry at a time.</p>\r\n<table>\r\n  <thead>\r\n    <tr>\r\n      <th>Level</th>\r\n      <th>Hunter's Quarry Extra Damage</th>\r\n    </tr>\r\n  </thead>\r\n  <tbody>\r\n    <tr>\r\n      <td>1-10th</td>\r\n      <td>+1d6</td>\r\n    </tr>\r\n    <tr>\r\n      <td>11-20th</td>\r\n      <td>+2d6</td>\r\n    </tr>\r\n    <tr>\r\n      <td>21-30th</td>\r\n      <td>+3d6</td>\r\n    </tr>\r\n  </tbody>\r\n</table>\r\n", 
            "choices": [], 
            "class_type": [
                4
            ]
        }
    }, 
    {
        "pk": 2, 
        "model": "character_builder.classfeature", 
        "fields": {
            "name": "Arcane Implement Mastery", 
            "passive_effects": [], 
            "requires_choice": true, 
            "benefit": "You specialize in the use of one kind of implement to gain additional abilities when you wield it. Choose one of the following forms of implement mastery.", 
            "choices": [
                1, 
                2, 
                3
            ], 
            "class_type": [
                8
            ]
        }
    }, 
    {
        "pk": 3, 
        "model": "character_builder.classfeature", 
        "fields": {
            "name": "Channel Divinity", 
            "passive_effects": [], 
            "requires_choice": false, 
            "benefit": "Once per encounter you can invoke divine power, filling yourself with the might of your patron deity. Regardless of how many different uses for Channel Divinity you know, you can use only one such ability per encounter.", 
            "choices": [], 
            "class_type": [
                1, 
                3
            ]
        }
    }, 
    {
        "pk": 4, 
        "model": "character_builder.classfeature", 
        "fields": {
            "name": "Cantrips", 
            "passive_effects": [], 
            "requires_choice": false, 
            "benefit": "Cantrips are  minor spells you gain at 1st level. You can use them as at-will powers.", 
            "choices": [], 
            "class_type": [
                8
            ]
        }
    }, 
    {
        "pk": 5, 
        "model": "character_builder.classfeature", 
        "fields": {
            "name": "Ritual Casting", 
            "passive_effects": [], 
            "requires_choice": false, 
            "benefit": "You gain the Ritual Caster feat (page 200) as a bonus feat, allowing you to use magical rituals (see Chapter 10).", 
            "choices": [], 
            "class_type": [
                8
            ]
        }
    }, 
    {
        "pk": 6, 
        "model": "character_builder.classfeature", 
        "fields": {
            "name": "Spellbook", 
            "passive_effects": [], 
            "requires_choice": false, 
            "benefit": "You possess a spellbook, a book full of mystic lore  in which you store  your rituals and your daily and utility spells.\r\nRituals: Your book contains three 1st-level rituals of your choice that you have mastered.At 5th level, and again at 11th, 15th, 21st, and 25th level, you master two more rituals of your choice and add them to your spellbook. Any ritual you add must be your level or lower.\r\nDaily and Utility Spells: Your spellbook also holds your daily and utility spells. You begin knowing two daily spells, one of which you can use on any given day. Each time you gain a level that lets you select a daily spell or a utility spell, choose two different daily spells or utility spells of that level to add to your book. After an extended rest, you can prepare a number of daily and utility spells according to what you can cast per day for your level. You can\u2019t prepare the same spell twice.If you replace a spell because of gaining a level or through retraining, the previous spell vanishes from your spellbook and is replaced by the new spell.", 
            "choices": [], 
            "class_type": [
                8
            ]
        }
    }, 
    {
        "pk": 7, 
        "model": "character_builder.classfeature", 
        "fields": {
            "name": "Sneak Attack", 
            "passive_effects": [], 
            "requires_choice": false, 
            "benefit": "Once per round, when you have combat advantage against an enemy and are using a weapon from the light blade, the crossbow, or the sling weapon group, an attack you make against that enemy deals extra damage if the attack hits. You decide whether to apply the extra damage after making the damage roll. As you advance in level, your extra damage increases.\r\n\r\n1st-10th: +2d6\r\n11th-20th: +3d6\r\n21-30th: +5d6", 
            "choices": [], 
            "class_type": [
                5
            ]
        }
    }, 
    {
        "pk": 8, 
        "model": "character_builder.classfeature", 
        "fields": {
            "name": "Combat Challenge", 
            "passive_effects": [], 
            "requires_choice": false, 
            "benefit": "Every time you attack an enemy, whether the attack hits or misses, you can choose to mark that target. That mark lasts until the end of your next turn. While a target is marked, it takes a -2 penalty to attack rolls for any attack that doesn't include you as a target. A creature can be subject to only one mark at a time. A new mark supersedes a mark that was already in place. In addition, whenever a marked enemy that is adjacent to you shifts or makes an attack that does not include you, you can make a melee basic attack against that enemy as an immediate interrupt.", 
            "choices": [], 
            "class_type": [
                2
            ]
        }
    }, 
    {
        "pk": 9, 
        "model": "character_builder.classfeature", 
        "fields": {
            "name": "Healer's Lore", 
            "passive_effects": [], 
            "requires_choice": false, 
            "benefit": "Your study of healing allows you to make the most of your healing prayers. When you grant healing with one of your cleric powers that has the healing keyword, add your Wisdom modifier to the hit points the recipient regains.", 
            "choices": [], 
            "class_type": [
                1
            ]
        }
    }, 
    {
        "pk": 1, 
        "model": "character_builder.classtypedefmod", 
        "fields": {
            "bonus": 2, 
            "defense": 4, 
            "class_type": 1
        }
    }, 
    {
        "pk": 2, 
        "model": "character_builder.classtypedefmod", 
        "fields": {
            "bonus": 2, 
            "defense": 2, 
            "class_type": 2
        }
    }, 
    {
        "pk": 3, 
        "model": "character_builder.classtypedefmod", 
        "fields": {
            "bonus": 1, 
            "defense": 2, 
            "class_type": 3
        }
    }, 
    {
        "pk": 4, 
        "model": "character_builder.classtypedefmod", 
        "fields": {
            "bonus": 1, 
            "defense": 3, 
            "class_type": 3
        }
    }, 
    {
        "pk": 5, 
        "model": "character_builder.classtypedefmod", 
        "fields": {
            "bonus": 1, 
            "defense": 4, 
            "class_type": 3
        }
    }, 
    {
        "pk": 6, 
        "model": "character_builder.classtypedefmod", 
        "fields": {
            "bonus": 1, 
            "defense": 2, 
            "class_type": 4
        }
    }, 
    {
        "pk": 7, 
        "model": "character_builder.classtypedefmod", 
        "fields": {
            "bonus": 1, 
            "defense": 3, 
            "class_type": 4
        }
    }, 
    {
        "pk": 8, 
        "model": "character_builder.classtypedefmod", 
        "fields": {
            "bonus": 2, 
            "defense": 3, 
            "class_type": 5
        }
    }, 
    {
        "pk": 9, 
        "model": "character_builder.classtypedefmod", 
        "fields": {
            "bonus": 1, 
            "defense": 3, 
            "class_type": 6
        }
    }, 
    {
        "pk": 10, 
        "model": "character_builder.classtypedefmod", 
        "fields": {
            "bonus": 1, 
            "defense": 4, 
            "class_type": 6
        }
    }, 
    {
        "pk": 11, 
        "model": "character_builder.classtypedefmod", 
        "fields": {
            "bonus": 1, 
            "defense": 2, 
            "class_type": 7
        }
    }, 
    {
        "pk": 12, 
        "model": "character_builder.classtypedefmod", 
        "fields": {
            "bonus": 1, 
            "defense": 4, 
            "class_type": 7
        }
    }, 
    {
        "pk": 13, 
        "model": "character_builder.classtypedefmod", 
        "fields": {
            "bonus": 2, 
            "defense": 4, 
            "class_type": 8
        }
    }, 
    {
        "pk": 1, 
        "model": "character_builder.classskill", 
        "fields": {
            "skill": 2, 
            "class_type": 1
        }
    }, 
    {
        "pk": 2, 
        "model": "character_builder.classskill", 
        "fields": {
            "skill": 5, 
            "class_type": 1
        }
    }, 
    {
        "pk": 3, 
        "model": "character_builder.classskill", 
        "fields": {
            "skill": 8, 
            "class_type": 1
        }
    }, 
    {
        "pk": 4, 
        "model": "character_builder.classskill", 
        "fields": {
            "skill": 9, 
            "class_type": 1
        }
    }, 
    {
        "pk": 5, 
        "model": "character_builder.classskill", 
        "fields": {
            "skill": 10, 
            "class_type": 1
        }
    }, 
    {
        "pk": 6, 
        "model": "character_builder.classskill", 
        "fields": {
            "skill": 14, 
            "class_type": 1
        }
    }, 
    {
        "pk": 7, 
        "model": "character_builder.classskill", 
        "fields": {
            "skill": 3, 
            "class_type": 2
        }
    }, 
    {
        "pk": 8, 
        "model": "character_builder.classskill", 
        "fields": {
            "skill": 7, 
            "class_type": 2
        }
    }, 
    {
        "pk": 9, 
        "model": "character_builder.classskill", 
        "fields": {
            "skill": 8, 
            "class_type": 2
        }
    }, 
    {
        "pk": 10, 
        "model": "character_builder.classskill", 
        "fields": {
            "skill": 11, 
            "class_type": 2
        }
    }, 
    {
        "pk": 11, 
        "model": "character_builder.classskill", 
        "fields": {
            "skill": 16, 
            "class_type": 2
        }
    }, 
    {
        "pk": 12, 
        "model": "character_builder.classskill", 
        "fields": {
            "skill": 5, 
            "class_type": 3
        }
    }, 
    {
        "pk": 13, 
        "model": "character_builder.classskill", 
        "fields": {
            "skill": 7, 
            "class_type": 3
        }
    }, 
    {
        "pk": 14, 
        "model": "character_builder.classskill", 
        "fields": {
            "skill": 8, 
            "class_type": 3
        }
    }, 
    {
        "pk": 15, 
        "model": "character_builder.classskill", 
        "fields": {
            "skill": 9, 
            "class_type": 3
        }
    }, 
    {
        "pk": 16, 
        "model": "character_builder.classskill", 
        "fields": {
            "skill": 10, 
            "class_type": 3
        }
    }, 
    {
        "pk": 17, 
        "model": "character_builder.classskill", 
        "fields": {
            "skill": 11, 
            "class_type": 3
        }
    }, 
    {
        "pk": 18, 
        "model": "character_builder.classskill", 
        "fields": {
            "skill": 14, 
            "class_type": 3
        }
    }, 
    {
        "pk": 19, 
        "model": "character_builder.classskill", 
        "fields": {
            "skill": 1, 
            "class_type": 4
        }
    }, 
    {
        "pk": 20, 
        "model": "character_builder.classskill", 
        "fields": {
            "skill": 3, 
            "class_type": 4
        }
    }, 
    {
        "pk": 21, 
        "model": "character_builder.classskill", 
        "fields": {
            "skill": 6, 
            "class_type": 4
        }
    }, 
    {
        "pk": 22, 
        "model": "character_builder.classskill", 
        "fields": {
            "skill": 7, 
            "class_type": 4
        }
    }, 
    {
        "pk": 23, 
        "model": "character_builder.classskill", 
        "fields": {
            "skill": 8, 
            "class_type": 4
        }
    }, 
    {
        "pk": 24, 
        "model": "character_builder.classskill", 
        "fields": {
            "skill": 12, 
            "class_type": 4
        }
    }, 
    {
        "pk": 25, 
        "model": "character_builder.classskill", 
        "fields": {
            "skill": 13, 
            "class_type": 4
        }
    }, 
    {
        "pk": 26, 
        "model": "character_builder.classskill", 
        "fields": {
            "skill": 15, 
            "class_type": 4
        }
    }, 
    {
        "pk": 27, 
        "model": "character_builder.classskill", 
        "fields": {
            "skill": 2, 
            "class_type": 8
        }
    }, 
    {
        "pk": 28, 
        "model": "character_builder.classskill", 
        "fields": {
            "skill": 5, 
            "class_type": 8
        }
    }, 
    {
        "pk": 29, 
        "model": "character_builder.classskill", 
        "fields": {
            "skill": 6, 
            "class_type": 8
        }
    }, 
    {
        "pk": 30, 
        "model": "character_builder.classskill", 
        "fields": {
            "skill": 9, 
            "class_type": 8
        }
    }, 
    {
        "pk": 31, 
        "model": "character_builder.classskill", 
        "fields": {
            "skill": 10, 
            "class_type": 8
        }
    }, 
    {
        "pk": 32, 
        "model": "character_builder.classskill", 
        "fields": {
            "skill": 12, 
            "class_type": 8
        }
    }, 
    {
        "pk": 33, 
        "model": "character_builder.classskill", 
        "fields": {
            "skill": 14, 
            "class_type": 8
        }
    }, 
    {
        "pk": 34, 
        "model": "character_builder.classskill", 
        "fields": {
            "skill": 3, 
            "class_type": 7
        }
    }, 
    {
        "pk": 35, 
        "model": "character_builder.classskill", 
        "fields": {
            "skill": 5, 
            "class_type": 7
        }
    }, 
    {
        "pk": 36, 
        "model": "character_builder.classskill", 
        "fields": {
            "skill": 7, 
            "class_type": 7
        }
    }, 
    {
        "pk": 37, 
        "model": "character_builder.classskill", 
        "fields": {
            "skill": 8, 
            "class_type": 7
        }
    }, 
    {
        "pk": 38, 
        "model": "character_builder.classskill", 
        "fields": {
            "skill": 9, 
            "class_type": 7
        }
    }, 
    {
        "pk": 39, 
        "model": "character_builder.classskill", 
        "fields": {
            "skill": 11, 
            "class_type": 7
        }
    }, 
    {
        "pk": 40, 
        "model": "character_builder.classskill", 
        "fields": {
            "skill": 2, 
            "class_type": 6
        }
    }, 
    {
        "pk": 41, 
        "model": "character_builder.classskill", 
        "fields": {
            "skill": 4, 
            "class_type": 6
        }
    }, 
    {
        "pk": 42, 
        "model": "character_builder.classskill", 
        "fields": {
            "skill": 9, 
            "class_type": 6
        }
    }, 
    {
        "pk": 43, 
        "model": "character_builder.classskill", 
        "fields": {
            "skill": 10, 
            "class_type": 6
        }
    }, 
    {
        "pk": 44, 
        "model": "character_builder.classskill", 
        "fields": {
            "skill": 11, 
            "class_type": 6
        }
    }, 
    {
        "pk": 45, 
        "model": "character_builder.classskill", 
        "fields": {
            "skill": 14, 
            "class_type": 6
        }
    }, 
    {
        "pk": 46, 
        "model": "character_builder.classskill", 
        "fields": {
            "skill": 16, 
            "class_type": 6
        }
    }, 
    {
        "pk": 47, 
        "model": "character_builder.classskill", 
        "fields": {
            "skill": 16, 
            "class_type": 6
        }
    }, 
    {
        "pk": 48, 
        "model": "character_builder.classskill", 
        "fields": {
            "skill": 1, 
            "class_type": 5
        }
    }, 
    {
        "pk": 49, 
        "model": "character_builder.classskill", 
        "fields": {
            "skill": 3, 
            "class_type": 5
        }
    }, 
    {
        "pk": 50, 
        "model": "character_builder.classskill", 
        "fields": {
            "skill": 4, 
            "class_type": 5
        }
    }, 
    {
        "pk": 51, 
        "model": "character_builder.classskill", 
        "fields": {
            "skill": 6, 
            "class_type": 5
        }
    }, 
    {
        "pk": 52, 
        "model": "character_builder.classskill", 
        "fields": {
            "skill": 10, 
            "class_type": 5
        }
    }, 
    {
        "pk": 53, 
        "model": "character_builder.classskill", 
        "fields": {
            "skill": 11, 
            "class_type": 5
        }
    }, 
    {
        "pk": 54, 
        "model": "character_builder.classskill", 
        "fields": {
            "skill": 13, 
            "class_type": 5
        }
    }, 
    {
        "pk": 55, 
        "model": "character_builder.classskill", 
        "fields": {
            "skill": 15, 
            "class_type": 5
        }
    }, 
    {
        "pk": 56, 
        "model": "character_builder.classskill", 
        "fields": {
            "skill": 16, 
            "class_type": 5
        }
    }, 
    {
        "pk": 57, 
        "model": "character_builder.classskill", 
        "fields": {
            "skill": 17, 
            "class_type": 5
        }
    }, 
    {
        "pk": 1, 
        "model": "character_builder.feat", 
        "fields": {
            "name": "Action Surge [Human]", 
            "can_retake": false, 
            "passive_effects": [], 
            "requires_choice": false, 
            "benefit": "You gain a +3 bonus to attack rolls you make during any action you gained by spending an action point.", 
            "has_passive_effects": false, 
            "choices": [], 
            "special": ""
        }
    }, 
    {
        "pk": 2, 
        "model": "character_builder.feat", 
        "fields": {
            "name": "Agile Hunter [Ranger]", 
            "can_retake": false, 
            "passive_effects": [], 
            "requires_choice": false, 
            "benefit": "When you score a critical hit with a melee attack against the target of your Hunter's Quarry, you can shift as a free action, and the enemy takes a -2 penalty on attack rolls against you until the end of your next turn.", 
            "has_passive_effects": false, 
            "choices": [], 
            "special": ""
        }
    }, 
    {
        "pk": 3, 
        "model": "character_builder.feat", 
        "fields": {
            "name": "Alertness", 
            "can_retake": false, 
            "passive_effects": [], 
            "requires_choice": false, 
            "benefit": "You don't grant enemies combat advantage during surprise rounds. You also gain a +2 feat bonus to Perception checks.", 
            "has_passive_effects": true, 
            "choices": [], 
            "special": ""
        }
    }, 
    {
        "pk": 4, 
        "model": "character_builder.feat", 
        "fields": {
            "name": "Armor of Bahamut [Divinity]", 
            "can_retake": false, 
            "passive_effects": [], 
            "requires_choice": false, 
            "benefit": "You can invoke the power of your deity to use armor of Bahamut.", 
            "has_passive_effects": false, 
            "choices": [], 
            "special": ""
        }
    }, 
    {
        "pk": 5, 
        "model": "character_builder.feat", 
        "fields": {
            "name": "Ritual Caster", 
            "can_retake": false, 
            "passive_effects": [], 
            "requires_choice": false, 
            "benefit": "You can master and perform rituals of your level or lower. See Chapter 10 for information on acquiring, mastering, and performing rituals. Even though some rituals use the Heal skill or the Nature skill, the Arcana skill or the Religion skill is required to understand how to perform rituals.", 
            "has_passive_effects": false, 
            "choices": [], 
            "special": ""
        }
    }, 
    {
        "pk": 6, 
        "model": "character_builder.feat", 
        "fields": {
            "name": "Armor Proficiency (Chainmail)", 
            "can_retake": false, 
            "passive_effects": [], 
            "requires_choice": false, 
            "benefit": "You gain training with chainmail.", 
            "has_passive_effects": true, 
            "choices": [], 
            "special": ""
        }
    }, 
    {
        "pk": 7, 
        "model": "character_builder.feat", 
        "fields": {
            "name": "Armor Proficiency (Hide)", 
            "can_retake": false, 
            "passive_effects": [], 
            "requires_choice": false, 
            "benefit": "You gain training with hide armor.", 
            "has_passive_effects": true, 
            "choices": [], 
            "special": ""
        }
    }, 
    {
        "pk": 8, 
        "model": "character_builder.feat", 
        "fields": {
            "name": "Armor Proficiency (Leather)", 
            "can_retake": false, 
            "passive_effects": [], 
            "requires_choice": false, 
            "benefit": "You gain training in leather armor.", 
            "has_passive_effects": true, 
            "choices": [], 
            "special": ""
        }
    }, 
    {
        "pk": 9, 
        "model": "character_builder.feat", 
        "fields": {
            "name": "Armor Proficiency (Plate)", 
            "can_retake": false, 
            "passive_effects": [], 
            "requires_choice": false, 
            "benefit": "You gain training with plate armor.", 
            "has_passive_effects": true, 
            "choices": [], 
            "special": ""
        }
    }, 
    {
        "pk": 10, 
        "model": "character_builder.feat", 
        "fields": {
            "name": "Armor Proficiency (Scale)", 
            "can_retake": false, 
            "passive_effects": [], 
            "requires_choice": false, 
            "benefit": "You gain training with scale armor.", 
            "has_passive_effects": true, 
            "choices": [], 
            "special": ""
        }
    }, 
    {
        "pk": 11, 
        "model": "character_builder.feat", 
        "fields": {
            "name": "Astral Fire", 
            "can_retake": false, 
            "passive_effects": [], 
            "requires_choice": false, 
            "benefit": "You gain a +1 feat bonus to damage rolls when you use a power that has the fire or radiant keyword.\r\nAt 11th level, this bonus increases to +2. At 21st level, it increases to +3.", 
            "has_passive_effects": false, 
            "choices": [], 
            "special": ""
        }
    }, 
    {
        "pk": 12, 
        "model": "character_builder.feat", 
        "fields": {
            "name": "Avandra's Rescue [Dvinity]", 
            "can_retake": false, 
            "passive_effects": [], 
            "requires_choice": false, 
            "benefit": "You can invoke the power of your deity to use Avandra's Rescue.", 
            "has_passive_effects": false, 
            "choices": [], 
            "special": ""
        }
    }, 
    {
        "pk": 13, 
        "model": "character_builder.feat", 
        "fields": {
            "name": "Backstabber [Rogue]", 
            "can_retake": false, 
            "passive_effects": [], 
            "requires_choice": false, 
            "benefit": "The extra damage dice from your Sneak Attack class feature increase from d6s to d8s.", 
            "has_passive_effects": false, 
            "choices": [], 
            "special": ""
        }
    }, 
    {
        "pk": 14, 
        "model": "character_builder.feat", 
        "fields": {
            "name": "Blade Opportunist", 
            "can_retake": false, 
            "passive_effects": [], 
            "requires_choice": false, 
            "benefit": "You gain a +2 bonus to opportunity attack rolls with a heavy blade or a light blade.", 
            "has_passive_effects": false, 
            "choices": [], 
            "special": ""
        }
    }, 
    {
        "pk": 15, 
        "model": "character_builder.feat", 
        "fields": {
            "name": "Burning Blizzard", 
            "can_retake": false, 
            "passive_effects": [], 
            "requires_choice": false, 
            "benefit": "You gain a +1 feat bonus to damage rolls when you use a power that has the acid or cold keyword. At 11th level, this bonus increases to +2. At 21st level, it increases to +3.", 
            "has_passive_effects": false, 
            "choices": [], 
            "special": ""
        }
    }, 
    {
        "pk": 16, 
        "model": "character_builder.feat", 
        "fields": {
            "name": "Combat Reflexes", 
            "can_retake": false, 
            "passive_effects": [], 
            "requires_choice": false, 
            "benefit": "You gain a +1 bonus to opportunity attack rolls.", 
            "has_passive_effects": true, 
            "choices": [], 
            "special": ""
        }
    }, 
    {
        "pk": 17, 
        "model": "character_builder.feat", 
        "fields": {
            "name": "Corellon's Grace [Divinity]", 
            "can_retake": false, 
            "passive_effects": [], 
            "requires_choice": false, 
            "benefit": "You can invoke the power of your deity to use Corellon's grace.", 
            "has_passive_effects": true, 
            "choices": [], 
            "special": ""
        }
    }, 
    {
        "pk": 18, 
        "model": "character_builder.feat", 
        "fields": {
            "name": "Dark Fury", 
            "can_retake": false, 
            "passive_effects": [], 
            "requires_choice": false, 
            "benefit": "You gain a +1 feat bonus to damage rolls when you use a power that has the necrotic or psychic keyword. At 11th level, this bonus increases to +2. At 21st level, it increases to +3.", 
            "has_passive_effects": false, 
            "choices": [], 
            "special": ""
        }
    }, 
    {
        "pk": 19, 
        "model": "character_builder.feat", 
        "fields": {
            "name": "Defense Mobility", 
            "can_retake": false, 
            "passive_effects": [], 
            "requires_choice": false, 
            "benefit": "You gain a +2 bonus to AC against opportunity attacks.", 
            "has_passive_effects": false, 
            "choices": [], 
            "special": ""
        }
    }, 
    {
        "pk": 20, 
        "model": "character_builder.feat", 
        "fields": {
            "name": "Distracting Shield [Fighter]", 
            "can_retake": false, 
            "passive_effects": [], 
            "requires_choice": false, 
            "benefit": "If you hit a foe with an attack granted by your Combat Challenge class feature, the target takes a -2 penalty to attack rolls until the start of your next turn.", 
            "has_passive_effects": false, 
            "choices": [], 
            "special": "You must have a shield equipped to benefit from this feat."
        }
    }, 
    {
        "pk": 21, 
        "model": "character_builder.feat", 
        "fields": {
            "name": "Dodge Giants [Dwarf]", 
            "can_retake": false, 
            "passive_effects": [], 
            "requires_choice": false, 
            "benefit": "You gain a +1 bonus to AC and Reflex defense against the attacks of Larger or larger foes.", 
            "has_passive_effects": false, 
            "choices": [], 
            "special": ""
        }
    }, 
    {
        "pk": 22, 
        "model": "character_builder.feat", 
        "fields": {
            "name": "Durable", 
            "can_retake": false, 
            "passive_effects": [], 
            "requires_choice": false, 
            "benefit": "Increase the number of healing surges by two.", 
            "has_passive_effects": true, 
            "choices": [], 
            "special": ""
        }
    }, 
    {
        "pk": 23, 
        "model": "character_builder.feat", 
        "fields": {
            "name": "Dwarven Weapon Training [Dwarf]", 
            "can_retake": false, 
            "passive_effects": [], 
            "requires_choice": false, 
            "benefit": "You gain proficiency and a +2 feat bonus to damage rolls with axes and hammers.", 
            "has_passive_effects": true, 
            "choices": [], 
            "special": ""
        }
    }, 
    {
        "pk": 24, 
        "model": "character_builder.feat", 
        "fields": {
            "name": "Eladrin Soldier [Eladrin]", 
            "can_retake": false, 
            "passive_effects": [], 
            "requires_choice": false, 
            "benefit": "You gain proficiency with all spears and a +2 feat bonus to damage rolls with longswords and all spears.", 
            "has_passive_effects": true, 
            "choices": [], 
            "special": ""
        }
    }, 
    {
        "pk": 25, 
        "model": "character_builder.feat", 
        "fields": {
            "name": "Expanded Spellbook [Wizard]", 
            "can_retake": false, 
            "passive_effects": [], 
            "requires_choice": false, 
            "benefit": "Choose one daily wizard spell of every level you know. Add this spell to your spellbook. Each time you gain a new level of daily wizard attack spells, you learn on extra spell of that level (in other words, add three spells to your spellbook instead of only two). This feat doesn't change the number of daily attack spells you can prepare each day.", 
            "has_passive_effects": false, 
            "choices": [], 
            "special": ""
        }
    }, 
    {
        "pk": 26, 
        "model": "character_builder.feat", 
        "fields": {
            "name": "Weapon Proficiency", 
            "can_retake": true, 
            "passive_effects": [], 
            "requires_choice": true, 
            "benefit": "You gain proficiency in a single weapon of your choice.", 
            "has_passive_effects": false, 
            "choices": [], 
            "special": "You can take this feat more than once. Each time you select this feat, choose another weapon."
        }
    }, 
    {
        "pk": 27, 
        "model": "character_builder.feat", 
        "fields": {
            "name": "Melora's Tide", 
            "can_retake": false, 
            "passive_effects": [], 
            "requires_choice": false, 
            "benefit": "You can invoke the power of your deity to use Melora's tide.", 
            "has_passive_effects": false, 
            "choices": [], 
            "special": ""
        }
    }, 
    {
        "pk": 28, 
        "model": "character_builder.feat", 
        "fields": {
            "name": "Ioun's Poise", 
            "can_retake": false, 
            "passive_effects": [], 
            "requires_choice": false, 
            "benefit": "You can invoke the power of your deity to use Ioun's Poise", 
            "has_passive_effects": false, 
            "choices": [], 
            "special": ""
        }
    }, 
    {
        "pk": 1, 
        "model": "character_builder.featprereq", 
        "fields": {
            "feat": 1
        }
    }, 
    {
        "pk": 2, 
        "model": "character_builder.featprereq", 
        "fields": {
            "feat": 2
        }
    }, 
    {
        "pk": 3, 
        "model": "character_builder.featprereq", 
        "fields": {
            "feat": 2
        }
    }, 
    {
        "pk": 4, 
        "model": "character_builder.featprereq", 
        "fields": {
            "feat": 2
        }
    }, 
    {
        "pk": 20, 
        "model": "character_builder.featprereq", 
        "fields": {
            "feat": 4
        }
    }, 
    {
        "pk": 21, 
        "model": "character_builder.featprereq", 
        "fields": {
            "feat": 4
        }
    }, 
    {
        "pk": 5, 
        "model": "character_builder.featprereq", 
        "fields": {
            "feat": 5
        }
    }, 
    {
        "pk": 7, 
        "model": "character_builder.featprereq", 
        "fields": {
            "feat": 6
        }
    }, 
    {
        "pk": 8, 
        "model": "character_builder.featprereq", 
        "fields": {
            "feat": 6
        }
    }, 
    {
        "pk": 9, 
        "model": "character_builder.featprereq", 
        "fields": {
            "feat": 6
        }
    }, 
    {
        "pk": 6, 
        "model": "character_builder.featprereq", 
        "fields": {
            "feat": 7
        }
    }, 
    {
        "pk": 10, 
        "model": "character_builder.featprereq", 
        "fields": {
            "feat": 7
        }
    }, 
    {
        "pk": 11, 
        "model": "character_builder.featprereq", 
        "fields": {
            "feat": 7
        }
    }, 
    {
        "pk": 12, 
        "model": "character_builder.featprereq", 
        "fields": {
            "feat": 9
        }
    }, 
    {
        "pk": 13, 
        "model": "character_builder.featprereq", 
        "fields": {
            "feat": 9
        }
    }, 
    {
        "pk": 14, 
        "model": "character_builder.featprereq", 
        "fields": {
            "feat": 9
        }
    }, 
    {
        "pk": 15, 
        "model": "character_builder.featprereq", 
        "fields": {
            "feat": 10
        }
    }, 
    {
        "pk": 16, 
        "model": "character_builder.featprereq", 
        "fields": {
            "feat": 10
        }
    }, 
    {
        "pk": 17, 
        "model": "character_builder.featprereq", 
        "fields": {
            "feat": 10
        }
    }, 
    {
        "pk": 18, 
        "model": "character_builder.featprereq", 
        "fields": {
            "feat": 11
        }
    }, 
    {
        "pk": 19, 
        "model": "character_builder.featprereq", 
        "fields": {
            "feat": 11
        }
    }, 
    {
        "pk": 22, 
        "model": "character_builder.featprereq", 
        "fields": {
            "feat": 12
        }
    }, 
    {
        "pk": 23, 
        "model": "character_builder.featprereq", 
        "fields": {
            "feat": 12
        }
    }, 
    {
        "pk": 24, 
        "model": "character_builder.featprereq", 
        "fields": {
            "feat": 13
        }
    }, 
    {
        "pk": 25, 
        "model": "character_builder.featprereq", 
        "fields": {
            "feat": 13
        }
    }, 
    {
        "pk": 26, 
        "model": "character_builder.featprereq", 
        "fields": {
            "feat": 14
        }
    }, 
    {
        "pk": 27, 
        "model": "character_builder.featprereq", 
        "fields": {
            "feat": 14
        }
    }, 
    {
        "pk": 28, 
        "model": "character_builder.featprereq", 
        "fields": {
            "feat": 15
        }
    }, 
    {
        "pk": 29, 
        "model": "character_builder.featprereq", 
        "fields": {
            "feat": 15
        }
    }, 
    {
        "pk": 30, 
        "model": "character_builder.featprereq", 
        "fields": {
            "feat": 16
        }
    }, 
    {
        "pk": 31, 
        "model": "character_builder.featprereq", 
        "fields": {
            "feat": 17
        }
    }, 
    {
        "pk": 32, 
        "model": "character_builder.featprereq", 
        "fields": {
            "feat": 17
        }
    }, 
    {
        "pk": 33, 
        "model": "character_builder.featprereq", 
        "fields": {
            "feat": 18
        }
    }, 
    {
        "pk": 34, 
        "model": "character_builder.featprereq", 
        "fields": {
            "feat": 18
        }
    }, 
    {
        "pk": 35, 
        "model": "character_builder.featprereq", 
        "fields": {
            "feat": 20
        }
    }, 
    {
        "pk": 36, 
        "model": "character_builder.featprereq", 
        "fields": {
            "feat": 20
        }
    }, 
    {
        "pk": 37, 
        "model": "character_builder.featprereq", 
        "fields": {
            "feat": 20
        }
    }, 
    {
        "pk": 38, 
        "model": "character_builder.featprereq", 
        "fields": {
            "feat": 21
        }
    }, 
    {
        "pk": 39, 
        "model": "character_builder.featprereq", 
        "fields": {
            "feat": 23
        }
    }, 
    {
        "pk": 40, 
        "model": "character_builder.featprereq", 
        "fields": {
            "feat": 24
        }
    }, 
    {
        "pk": 41, 
        "model": "character_builder.featprereq", 
        "fields": {
            "feat": 25
        }
    }, 
    {
        "pk": 42, 
        "model": "character_builder.featprereq", 
        "fields": {
            "feat": 25
        }
    }, 
    {
        "pk": 43, 
        "model": "character_builder.featprereq", 
        "fields": {
            "feat": 27
        }
    }, 
    {
        "pk": 44, 
        "model": "character_builder.featprereq", 
        "fields": {
            "feat": 27
        }
    }, 
    {
        "pk": 38, 
        "model": "character_builder.featraceprereq", 
        "fields": {
            "race": 2
        }
    }, 
    {
        "pk": 39, 
        "model": "character_builder.featraceprereq", 
        "fields": {
            "race": 2
        }
    }, 
    {
        "pk": 40, 
        "model": "character_builder.featraceprereq", 
        "fields": {
            "race": 3
        }
    }, 
    {
        "pk": 1, 
        "model": "character_builder.featraceprereq", 
        "fields": {
            "race": 17
        }
    }, 
    {
        "pk": 36, 
        "model": "character_builder.featclasstypeprereq", 
        "fields": {
            "class_type": 2
        }
    }, 
    {
        "pk": 4, 
        "model": "character_builder.featclasstypeprereq", 
        "fields": {
            "class_type": 4
        }
    }, 
    {
        "pk": 25, 
        "model": "character_builder.featclasstypeprereq", 
        "fields": {
            "class_type": 5
        }
    }, 
    {
        "pk": 41, 
        "model": "character_builder.featclasstypeprereq", 
        "fields": {
            "class_type": 8
        }
    }, 
    {
        "pk": 2, 
        "model": "character_builder.featclassfeatureprereq", 
        "fields": {
            "classfeature": 1
        }
    }, 
    {
        "pk": 20, 
        "model": "character_builder.featclassfeatureprereq", 
        "fields": {
            "classfeature": 3
        }
    }, 
    {
        "pk": 22, 
        "model": "character_builder.featclassfeatureprereq", 
        "fields": {
            "classfeature": 3
        }
    }, 
    {
        "pk": 31, 
        "model": "character_builder.featclassfeatureprereq", 
        "fields": {
            "classfeature": 3
        }
    }, 
    {
        "pk": 43, 
        "model": "character_builder.featclassfeatureprereq", 
        "fields": {
            "classfeature": 3
        }
    }, 
    {
        "pk": 24, 
        "model": "character_builder.featclassfeatureprereq", 
        "fields": {
            "classfeature": 7
        }
    }, 
    {
        "pk": 37, 
        "model": "character_builder.featclassfeatureprereq", 
        "fields": {
            "classfeature": 8
        }
    }, 
    {
        "pk": 3, 
        "model": "character_builder.featabilityprereq", 
        "fields": {
            "ability": 3, 
            "value": 15
        }
    }, 
    {
        "pk": 8, 
        "model": "character_builder.featabilityprereq", 
        "fields": {
            "ability": 1, 
            "value": 13
        }
    }, 
    {
        "pk": 9, 
        "model": "character_builder.featabilityprereq", 
        "fields": {
            "ability": 2, 
            "value": 13
        }
    }, 
    {
        "pk": 10, 
        "model": "character_builder.featabilityprereq", 
        "fields": {
            "ability": 1, 
            "value": 13
        }
    }, 
    {
        "pk": 11, 
        "model": "character_builder.featabilityprereq", 
        "fields": {
            "ability": 2, 
            "value": 13
        }
    }, 
    {
        "pk": 12, 
        "model": "character_builder.featabilityprereq", 
        "fields": {
            "ability": 1, 
            "value": 15
        }
    }, 
    {
        "pk": 13, 
        "model": "character_builder.featabilityprereq", 
        "fields": {
            "ability": 2, 
            "value": 15
        }
    }, 
    {
        "pk": 15, 
        "model": "character_builder.featabilityprereq", 
        "fields": {
            "ability": 1, 
            "value": 13
        }
    }, 
    {
        "pk": 16, 
        "model": "character_builder.featabilityprereq", 
        "fields": {
            "ability": 2, 
            "value": 13
        }
    }, 
    {
        "pk": 18, 
        "model": "character_builder.featabilityprereq", 
        "fields": {
            "ability": 3, 
            "value": 13
        }
    }, 
    {
        "pk": 19, 
        "model": "character_builder.featabilityprereq", 
        "fields": {
            "ability": 6, 
            "value": 13
        }
    }, 
    {
        "pk": 26, 
        "model": "character_builder.featabilityprereq", 
        "fields": {
            "ability": 1, 
            "value": 13
        }
    }, 
    {
        "pk": 27, 
        "model": "character_builder.featabilityprereq", 
        "fields": {
            "ability": 3, 
            "value": 13
        }
    }, 
    {
        "pk": 28, 
        "model": "character_builder.featabilityprereq", 
        "fields": {
            "ability": 4, 
            "value": 13
        }
    }, 
    {
        "pk": 29, 
        "model": "character_builder.featabilityprereq", 
        "fields": {
            "ability": 5, 
            "value": 13
        }
    }, 
    {
        "pk": 30, 
        "model": "character_builder.featabilityprereq", 
        "fields": {
            "ability": 3, 
            "value": 13
        }
    }, 
    {
        "pk": 33, 
        "model": "character_builder.featabilityprereq", 
        "fields": {
            "ability": 2, 
            "value": 13
        }
    }, 
    {
        "pk": 34, 
        "model": "character_builder.featabilityprereq", 
        "fields": {
            "ability": 5, 
            "value": 13
        }
    }, 
    {
        "pk": 35, 
        "model": "character_builder.featabilityprereq", 
        "fields": {
            "ability": 5, 
            "value": 15
        }
    }, 
    {
        "pk": 42, 
        "model": "character_builder.featabilityprereq", 
        "fields": {
            "ability": 5, 
            "value": 13
        }
    }, 
    {
        "pk": 5, 
        "model": "character_builder.featskillorskillprereq", 
        "fields": {
            "allowed_skills": [
                2, 
                14
            ]
        }
    }, 
    {
        "pk": 23, 
        "model": "character_builder.featdeityprereq", 
        "fields": {
            "deity": 1
        }
    }, 
    {
        "pk": 21, 
        "model": "character_builder.featdeityprereq", 
        "fields": {
            "deity": 2
        }
    }, 
    {
        "pk": 32, 
        "model": "character_builder.featdeityprereq", 
        "fields": {
            "deity": 3
        }
    }, 
    {
        "pk": 44, 
        "model": "character_builder.featdeityprereq", 
        "fields": {
            "deity": 7
        }
    }, 
    {
        "pk": 6, 
        "model": "character_builder.featarmortypeprereq", 
        "fields": {
            "armor": 2
        }
    }, 
    {
        "pk": 17, 
        "model": "character_builder.featarmortypeprereq", 
        "fields": {
            "armor": 4
        }
    }, 
    {
        "pk": 14, 
        "model": "character_builder.featarmortypeprereq", 
        "fields": {
            "armor": 5
        }
    }, 
    {
        "pk": 7, 
        "model": "character_builder.featarmororarmorprereq", 
        "fields": {
            "allowed_armors": [
                2, 
                3
            ]
        }
    }, 
    {
        "pk": 1, 
        "model": "character_builder.powerkeyword", 
        "fields": {
            "name": "Arcane"
        }
    }, 
    {
        "pk": 2, 
        "model": "character_builder.powerkeyword", 
        "fields": {
            "name": "Force"
        }
    }, 
    {
        "pk": 3, 
        "model": "character_builder.powerkeyword", 
        "fields": {
            "name": "Implement"
        }
    }, 
    {
        "pk": 4, 
        "model": "character_builder.powerkeyword", 
        "fields": {
            "name": "Fire"
        }
    }, 
    {
        "pk": 5, 
        "model": "character_builder.powerkeyword", 
        "fields": {
            "name": "Teleportation"
        }
    }, 
    {
        "pk": 6, 
        "model": "character_builder.powerkeyword", 
        "fields": {
            "name": "Acid"
        }
    }, 
    {
        "pk": 7, 
        "model": "character_builder.powerkeyword", 
        "fields": {
            "name": "Conjuration"
        }
    }, 
    {
        "pk": 8, 
        "model": "character_builder.powerkeyword", 
        "fields": {
            "name": "Illusion"
        }
    }, 
    {
        "pk": 9, 
        "model": "character_builder.powerkeyword", 
        "fields": {
            "name": "Martial"
        }
    }, 
    {
        "pk": 10, 
        "model": "character_builder.powerkeyword", 
        "fields": {
            "name": "Weapon"
        }
    }, 
    {
        "pk": 11, 
        "model": "character_builder.powerkeyword", 
        "fields": {
            "name": "Healing"
        }
    }, 
    {
        "pk": 12, 
        "model": "character_builder.powerkeyword", 
        "fields": {
            "name": "Reliable"
        }
    }, 
    {
        "pk": 13, 
        "model": "character_builder.powerkeyword", 
        "fields": {
            "name": "Divine"
        }
    }, 
    {
        "pk": 14, 
        "model": "character_builder.powerkeyword", 
        "fields": {
            "name": "Radiant"
        }
    }, 
    {
        "pk": 11, 
        "model": "character_builder.powertype", 
        "fields": {
            "name": "Attack"
        }
    }, 
    {
        "pk": 12, 
        "model": "character_builder.powertype", 
        "fields": {
            "name": "Racial"
        }
    }, 
    {
        "pk": 13, 
        "model": "character_builder.powertype", 
        "fields": {
            "name": "Cantrip"
        }
    }, 
    {
        "pk": 14, 
        "model": "character_builder.powertype", 
        "fields": {
            "name": "Feature"
        }
    }, 
    {
        "pk": 15, 
        "model": "character_builder.powertype", 
        "fields": {
            "name": "Feat"
        }
    }, 
    {
        "pk": 2, 
        "model": "character_builder.powerusage", 
        "fields": {
            "name": "At-Will"
        }
    }, 
    {
        "pk": 3, 
        "model": "character_builder.powerusage", 
        "fields": {
            "name": "Encounter"
        }
    }, 
    {
        "pk": 4, 
        "model": "character_builder.powerusage", 
        "fields": {
            "name": "Daily"
        }
    }, 
    {
        "pk": 1, 
        "model": "character_builder.powerrange", 
        "fields": {
            "name": "Ranged"
        }
    }, 
    {
        "pk": 2, 
        "model": "character_builder.powerrange", 
        "fields": {
            "name": "Area"
        }
    }, 
    {
        "pk": 3, 
        "model": "character_builder.powerrange", 
        "fields": {
            "name": "Personal"
        }
    }, 
    {
        "pk": 4, 
        "model": "character_builder.powerrange", 
        "fields": {
            "name": "Close"
        }
    }, 
    {
        "pk": 5, 
        "model": "character_builder.powerrange", 
        "fields": {
            "name": "Melee"
        }
    }, 
    {
        "pk": 1, 
        "model": "character_builder.actiontype", 
        "fields": {
            "name": "Standard Action"
        }
    }, 
    {
        "pk": 2, 
        "model": "character_builder.actiontype", 
        "fields": {
            "name": "Move Action"
        }
    }, 
    {
        "pk": 3, 
        "model": "character_builder.actiontype", 
        "fields": {
            "name": "Minor Action"
        }
    }, 
    {
        "pk": 4, 
        "model": "character_builder.actiontype", 
        "fields": {
            "name": "Free Action"
        }
    }, 
    {
        "pk": 5, 
        "model": "character_builder.actiontype", 
        "fields": {
            "name": "Immediate Interrupt"
        }
    }, 
    {
        "pk": 4, 
        "model": "character_builder.power", 
        "fields": {
            "requirement": "", 
            "secondary_attack": "", 
            "secondary_hit_modifier": null, 
            "power_type": 11, 
            "range_type": 1, 
            "keywords": [
                1, 
                2, 
                3
            ], 
            "flavor": "You launch a silvery bolt of force at an enemy.", 
            "miss": "", 
            "special": "This power counts as a ranged basic attack. When a power allows you to make a ranged basic attack, you can use this power.", 
            "secondary_target": "", 
            "attack": "Intelligence vs. Reflex", 
            "sustain": "", 
            "usage": 2, 
            "range_description": "20", 
            "hit": "2d4 + Intelligence modifier force damage.<br>\r\nIncrease damage to 4d4 + Intelligence modifier at 21st level.", 
            "secondary_hit": "", 
            "effect": "", 
            "hit_modifier": 4, 
            "target": "One creature", 
            "name": "Magic Missile", 
            "level": 1, 
            "sustain_action": null, 
            "action_type": 1
        }
    }, 
    {
        "pk": 5, 
        "model": "character_builder.power", 
        "fields": {
            "requirement": "", 
            "secondary_attack": "", 
            "secondary_hit_modifier": null, 
            "power_type": 11, 
            "range_type": 2, 
            "keywords": [
                1, 
                3, 
                4
            ], 
            "flavor": "A vertical column of golden flames burns all within.", 
            "miss": "", 
            "special": "", 
            "secondary_target": "", 
            "attack": "Intelligence vs. Reflex", 
            "sustain": "", 
            "usage": 2, 
            "range_description": "burst 1 within 10 squares", 
            "hit": "1d6 + Intelligence modifier fire damage.\r\nIncrease damage to 2d6 + Intelligence modifier at 21st level.", 
            "secondary_hit": "", 
            "effect": "", 
            "hit_modifier": 4, 
            "target": "Each creature in burst", 
            "name": "Scorching Burst", 
            "level": 1, 
            "sustain_action": null, 
            "action_type": 1
        }
    }, 
    {
        "pk": 6, 
        "model": "character_builder.power", 
        "fields": {
            "requirement": "", 
            "secondary_attack": "", 
            "secondary_hit_modifier": null, 
            "power_type": 12, 
            "range_type": 3, 
            "keywords": [
                5
            ], 
            "flavor": "With a step, you vanish from one pace and appear in another.", 
            "miss": "", 
            "special": "", 
            "secondary_target": "", 
            "attack": "", 
            "sustain": "", 
            "usage": 3, 
            "range_description": "", 
            "hit": "", 
            "secondary_hit": "", 
            "effect": "Teleport up to 5 squares.", 
            "hit_modifier": null, 
            "target": "", 
            "name": "Fey Step", 
            "level": 0, 
            "sustain_action": null, 
            "action_type": 2
        }
    }, 
    {
        "pk": 7, 
        "model": "character_builder.power", 
        "fields": {
            "requirement": "", 
            "secondary_attack": "", 
            "secondary_hit_modifier": null, 
            "power_type": 11, 
            "range_type": 4, 
            "keywords": [
                1, 
                3, 
                4
            ], 
            "flavor": "A fierce burst of flame erupts from your hands and scorches nearby foes.", 
            "miss": "", 
            "special": "", 
            "secondary_target": "", 
            "attack": "Intelligence vs. Reflex", 
            "sustain": "", 
            "usage": 3, 
            "range_description": "blast 5", 
            "hit": "2d6 + Intelligence modifier fire damage.", 
            "secondary_hit": "", 
            "effect": "", 
            "hit_modifier": 4, 
            "target": "Each creature in blast", 
            "name": "Burning Hands", 
            "level": 1, 
            "sustain_action": null, 
            "action_type": 1
        }
    }, 
    {
        "pk": 8, 
        "model": "character_builder.power", 
        "fields": {
            "requirement": "", 
            "secondary_attack": "Intelligence vs. Reflex", 
            "secondary_hit_modifier": 4, 
            "power_type": 11, 
            "range_type": 1, 
            "keywords": [
                1, 
                3, 
                6
            ], 
            "flavor": "A shimmering arrow of green, glowing liquid streaks to your target and bursts in a spray of sizzling acid.", 
            "miss": "Half damage, and ongoing 2 acid damage to primary target (save ends), and no secondary attack.", 
            "special": "", 
            "secondary_target": "Each creature adjacent to the primary target", 
            "attack": "Intelligence vs. Reflex", 
            "sustain": "", 
            "usage": 4, 
            "range_description": "20", 
            "hit": "2d8 + Intelligence modifier acid damage, and ongoing 5 acid damage (save ends). Make a secondary attack.", 
            "secondary_hit": "1d8 + Intelligence modifier acid damage, and ongoing 5 acid damage (save ends).", 
            "effect": "", 
            "hit_modifier": 4, 
            "target": "One creature", 
            "name": "Acid Arrow", 
            "level": 1, 
            "sustain_action": null, 
            "action_type": 1
        }
    }, 
    {
        "pk": 9, 
        "model": "character_builder.power", 
        "fields": {
            "requirement": "", 
            "secondary_attack": "", 
            "secondary_hit_modifier": null, 
            "power_type": 11, 
            "range_type": 1, 
            "keywords": [
                1, 
                3, 
                4, 
                7
            ], 
            "flavor": "You conjure a rolling ball of fire and control where it goes.", 
            "miss": "", 
            "special": "", 
            "secondary_target": "", 
            "attack": "Intelligence vs Reflex", 
            "sustain": "You can sustain this power until the end of the encounter. As a standard action you can make another attack with the sphere.", 
            "usage": 4, 
            "range_description": "10", 
            "hit": "2d6 + Intelligence modifier fire damage.", 
            "secondary_hit": "", 
            "effect": "You conjure a Medium flaming sphere in an unoccupied square within range, and the sphere attacks an adjacent creature. Any creature that starts its turn next to the flaming sphere takes 1d4 + Intelligence modifier fire damage. As a move action, you can move the sphere up to 6 squares.", 
            "hit_modifier": 4, 
            "target": "One creature adjacent to the flaming sphere", 
            "name": "Flaming Sphere", 
            "level": 1, 
            "sustain_action": 3, 
            "action_type": 1
        }
    }, 
    {
        "pk": 10, 
        "model": "character_builder.power", 
        "fields": {
            "requirement": "", 
            "secondary_attack": "", 
            "secondary_hit_modifier": null, 
            "power_type": 13, 
            "range_type": 1, 
            "keywords": [
                1, 
                8
            ], 
            "flavor": "With a wink, you create an illusory sound that emanates from somewhere close by.", 
            "miss": "", 
            "special": "", 
            "secondary_target": "", 
            "attack": "", 
            "sustain": "", 
            "usage": 2, 
            "range_description": "10", 
            "hit": "", 
            "secondary_hit": "", 
            "effect": "You cause a sound as quiet as a whisper or as loud as a yelling or fighting creature to emanate from the target. You can produce nonvocal sounds such as the ringing of a sword blow, jingling armor, or scraping stone. If you whisper, you can whisper quietly enough that only creatures adjacent to the target can hear your words.", 
            "hit_modifier": null, 
            "target": "One object or unoccupied square", 
            "name": "Ghost Sound", 
            "level": 0, 
            "sustain_action": null, 
            "action_type": 1
        }
    }, 
    {
        "pk": 11, 
        "model": "character_builder.power", 
        "fields": {
            "requirement": "", 
            "secondary_attack": "", 
            "secondary_hit_modifier": null, 
            "power_type": 13, 
            "range_type": 1, 
            "keywords": [
                1
            ], 
            "flavor": "With a wave of your hand, you cause a bright light to appear on the tip of your staff, upon some other object, or in a nearby space.", 
            "miss": "", 
            "special": "You can have only one light cantrip active at a time. If you create a new light, your previously cast light winks out.", 
            "secondary_target": "", 
            "attack": "", 
            "sustain": "", 
            "usage": 2, 
            "range_description": "5", 
            "hit": "", 
            "secondary_hit": "", 
            "effect": "You cause the target to shed bright light. The light fills the target's square and all squares within 4 squares of it. The light lasts for 5 minutes. Putting out the light is a free action.", 
            "hit_modifier": null, 
            "target": "One object or unoccupied square", 
            "name": "Light", 
            "level": 0, 
            "sustain_action": null, 
            "action_type": 3
        }
    }, 
    {
        "pk": 12, 
        "model": "character_builder.power", 
        "fields": {
            "requirement": "", 
            "secondary_attack": "", 
            "secondary_hit_modifier": null, 
            "power_type": 13, 
            "range_type": 1, 
            "keywords": [
                1, 
                7
            ], 
            "flavor": "You gesture toward an object nearby, and a spectral floating hand lifts the object into the air and moves it where you wish.", 
            "miss": "", 
            "special": "You can create only one hand at a time.", 
            "secondary_target": "", 
            "attack": "", 
            "sustain": "You can sustain the hand indefinitely.", 
            "usage": 2, 
            "range_description": "5", 
            "hit": "", 
            "secondary_hit": "", 
            "effect": "You conjure a spectral, floating hand in an unoccupied square within range. The hand picks up, moves, or manipulates an adjacent object weighing 20 pounds or less and carries it up to 5 squares. If you are holding the object when you use this power, the hand can move the object into a pack, a pouch, a sheath, or a similar container and simultaneously move any one object carried or worn anywhere on your body into your hand.\r\nAs a move action, you can move the hand up to 5 squares. As a free action, you can cause the hand to drop an object it is holding, and as a minor action, you can cause the hand to pick up or manipulate a different object.", 
            "hit_modifier": null, 
            "target": "", 
            "name": "Mage Hand", 
            "level": 0, 
            "sustain_action": 3, 
            "action_type": 3
        }
    }, 
    {
        "pk": 13, 
        "model": "character_builder.power", 
        "fields": {
            "requirement": "", 
            "secondary_attack": "", 
            "secondary_hit_modifier": null, 
            "power_type": 13, 
            "range_type": 1, 
            "keywords": [
                1
            ], 
            "flavor": "You perform an amusing magical trick, such as creating a dancing wisp of light, freshening a wilting flower, making a coin invisible, or warming a cold drink.", 
            "miss": "", 
            "special": "You can have as many as three prestidigitation effects active at one time.", 
            "secondary_target": "", 
            "attack": "", 
            "sustain": "", 
            "usage": 2, 
            "range_description": "2", 
            "hit": "", 
            "secondary_hit": "", 
            "effect": "Use this cantrip to accomplish one of the effects given below.<br>\r\n<br>\r\n\u2726 Move up to 1 pound of material.<br>\r\n\u2726 Create a harmless sensory effect, such as a shower of sparks, a puff of wind, faint music, or a strong odor.<br>\r\n\u2726 Color, clean, or soil items in 1 cubic foot for up to 1 hour.<br>\r\n\u2726 Instantly light (or snuff out) a candle, a torch, or a small campfire.<br>\r\n\u2726 Chill, warm, or flavor up to 1 pound of nonliving material for up to 1 hour.<br>\r\n\u2726 Make a small mark or symbol appear on a surface for up to 1 hour.<br>\r\n\u2726 Produce out of nothingness a small item or image that exists until the end of your next turn.<br>\r\n\u2726 Make a small, handheld item invisible until the end of your next turn.<br>\r\n<br>\r\nNothing you create with this cantrip can deal damage, serve as a weapon or a tool, or hinder another creature\u2019s actions. This cantrip cannot duplicate the effect of any other power.", 
            "hit_modifier": null, 
            "target": "", 
            "name": "Prestidigitation", 
            "level": 0, 
            "sustain_action": null, 
            "action_type": 1
        }
    }, 
    {
        "pk": 14, 
        "model": "character_builder.power", 
        "fields": {
            "requirement": "", 
            "secondary_attack": "", 
            "secondary_hit_modifier": null, 
            "power_type": 11, 
            "range_type": 5, 
            "keywords": [
                9, 
                10
            ], 
            "flavor": "You trade power for precision.", 
            "miss": "", 
            "special": "", 
            "secondary_target": "", 
            "attack": "Strength +2  vs. AC", 
            "sustain": "", 
            "usage": 2, 
            "range_description": "weapon", 
            "hit": "1[W] damage<br>\r\nIncrease damage to 2[W] at 21st level.", 
            "secondary_hit": "", 
            "effect": "", 
            "hit_modifier": 1, 
            "target": "One creature", 
            "name": "Sure Strike", 
            "level": 1, 
            "sustain_action": null, 
            "action_type": 1
        }
    }, 
    {
        "pk": 15, 
        "model": "character_builder.power", 
        "fields": {
            "requirement": "You must be using a shield.", 
            "secondary_attack": "", 
            "secondary_hit_modifier": null, 
            "power_type": 11, 
            "range_type": 5, 
            "keywords": [
                9, 
                10
            ], 
            "flavor": "After each mighty swing, you bring your shield to bear and use it to push your enemy back.", 
            "miss": "", 
            "special": "", 
            "secondary_target": "", 
            "attack": "Strength vs. AC", 
            "sustain": "", 
            "usage": 2, 
            "range_description": "weapon", 
            "hit": "1[W] + Strength modifier damage, and you push the target 1 square if it is your size, smaller than you, or one size category larger. You can shift into the space that the target occupied.<br>\r\nIncrease damage to 2[W] + Strength modifier at 21st level.", 
            "secondary_hit": "", 
            "effect": "", 
            "hit_modifier": null, 
            "target": "One creature", 
            "name": "Tide of Iron", 
            "level": 1, 
            "sustain_action": null, 
            "action_type": 1
        }
    }, 
    {
        "pk": 16, 
        "model": "character_builder.power", 
        "fields": {
            "requirement": "", 
            "secondary_attack": "", 
            "secondary_hit_modifier": null, 
            "power_type": 11, 
            "range_type": 5, 
            "keywords": [
                9, 
                10
            ], 
            "flavor": "You stab viciously at your foe's knee or foot to slow him down. No matter how tough he is, he's going to favor that leg for a long time.", 
            "miss": "", 
            "special": "", 
            "secondary_target": "", 
            "attack": "Strength vs. AC", 
            "sustain": "", 
            "usage": 3, 
            "range_description": "weapon", 
            "hit": "2[W] + Strength modifier damage, and the target is slowed and cannot shift until the end of your next turn.", 
            "secondary_hit": "", 
            "effect": "", 
            "hit_modifier": 1, 
            "target": "One creature", 
            "name": "Steel Serpent Strike", 
            "level": 1, 
            "sustain_action": null, 
            "action_type": 1
        }
    }, 
    {
        "pk": 17, 
        "model": "character_builder.power", 
        "fields": {
            "requirement": "", 
            "secondary_attack": "", 
            "secondary_hit_modifier": null, 
            "power_type": 11, 
            "range_type": 5, 
            "keywords": [
                9, 
                10, 
                11, 
                12
            ], 
            "flavor": "A timely strike against a hated foe invigorates you, giving you the strength and resolve to fight on.", 
            "miss": "", 
            "special": "", 
            "secondary_target": "", 
            "attack": "Strength vs. AC", 
            "sustain": "", 
            "usage": 4, 
            "range_description": "weapon", 
            "hit": "2[W] + Strength modifier damage, and you can spend a healing surge.", 
            "secondary_hit": "", 
            "effect": "", 
            "hit_modifier": 1, 
            "target": "One creature", 
            "name": "Comeback Strike", 
            "level": 1, 
            "sustain_action": null, 
            "action_type": 1
        }
    }, 
    {
        "pk": 18, 
        "model": "character_builder.power", 
        "fields": {
            "requirement": "", 
            "secondary_attack": "", 
            "secondary_hit_modifier": null, 
            "power_type": 11, 
            "range_type": 5, 
            "keywords": [
                10, 
                13
            ], 
            "flavor": "You attack your foe without mercy or reprieve, and your accuracy is rewarded with a divine gift of vigor.", 
            "miss": "", 
            "special": "", 
            "secondary_target": "", 
            "attack": "Charisma vs. AC", 
            "sustain": "", 
            "usage": 2, 
            "range_description": "weapon", 
            "hit": "1[W] + Charisma modifier damage, and you gain temporary hit points equal to your Wisdom modifier.<br>\r\nIncrease damage to 2[W] + Charisma modifier at 21st level.", 
            "secondary_hit": "", 
            "effect": "", 
            "hit_modifier": 6, 
            "target": "One creature", 
            "name": "Bolstering Strike", 
            "level": 1, 
            "sustain_action": null, 
            "action_type": 1
        }
    }, 
    {
        "pk": 19, 
        "model": "character_builder.power", 
        "fields": {
            "requirement": "", 
            "secondary_attack": "", 
            "secondary_hit_modifier": null, 
            "power_type": 11, 
            "range_type": 5, 
            "keywords": [
                10, 
                13, 
                14
            ], 
            "flavor": "You strike an enemy with your weapon, which ignites with holy light.", 
            "miss": "", 
            "special": "", 
            "secondary_target": "", 
            "attack": "Strength vs. AC", 
            "sustain": "", 
            "usage": 2, 
            "range_description": "weapon", 
            "hit": "1[W] + Strength modifier radiant damage. If you marked the target, you gain a bonus to the damage roll equal to your Wisdom modifier.<br>\r\nIncrease damage to 2[W] + Strength modifier at 21st level.", 
            "secondary_hit": "", 
            "effect": "", 
            "hit_modifier": 1, 
            "target": "One creature", 
            "name": "Holy Strike", 
            "level": 1, 
            "sustain_action": null, 
            "action_type": 1
        }
    }, 
    {
        "pk": 20, 
        "model": "character_builder.power", 
        "fields": {
            "requirement": "", 
            "secondary_attack": "", 
            "secondary_hit_modifier": null, 
            "power_type": 11, 
            "range_type": 5, 
            "keywords": [
                10, 
                13
            ], 
            "flavor": "A translucent golden shield forms in front of a nearby ally as you attack with your weapon.", 
            "miss": "", 
            "special": "", 
            "secondary_target": "", 
            "attack": "Charisma vs. AC", 
            "sustain": "", 
            "usage": 3, 
            "range_description": "weapon", 
            "hit": "2[W] + Charisma modifier damage.", 
            "secondary_hit": "", 
            "effect": "Until the end of your next turn, one ally within 5 squares of you gains a power bonus to AC equal to your Wisdom modifier.", 
            "hit_modifier": 6, 
            "target": "One creature", 
            "name": "Shielding Smite", 
            "level": 1, 
            "sustain_action": null, 
            "action_type": 1
        }
    }, 
    {
        "pk": 21, 
        "model": "character_builder.power", 
        "fields": {
            "requirement": "", 
            "secondary_attack": "", 
            "secondary_hit_modifier": null, 
            "power_type": 11, 
            "range_type": 5, 
            "keywords": [
                10, 
                11, 
                13
            ], 
            "flavor": "Your melee attack punishes your enemy and heals an ally.", 
            "miss": "One ally within 5 squares of you can spend a healing surge.", 
            "special": "", 
            "secondary_target": "", 
            "attack": "Strength vs. AC", 
            "sustain": "", 
            "usage": 4, 
            "range_description": "weapon", 
            "hit": "3[W] + Strength modifier damage, and one ally within 5 squares of you can spend a healing surge.", 
            "secondary_hit": "", 
            "effect": "", 
            "hit_modifier": 1, 
            "target": "One creature", 
            "name": "Paladin's Judgement", 
            "level": 1, 
            "sustain_action": null, 
            "action_type": 1
        }
    }, 
    {
        "pk": 22, 
        "model": "character_builder.power", 
        "fields": {
            "requirement": "", 
            "secondary_attack": "", 
            "secondary_hit_modifier": null, 
            "power_type": 14, 
            "range_type": 4, 
            "keywords": [
                13
            ], 
            "flavor": "Your unswerving faith in your deity empowers a nearby creature to resist a debilitating affliction.", 
            "miss": "", 
            "special": "", 
            "secondary_target": "", 
            "attack": "", 
            "sustain": "", 
            "usage": 3, 
            "range_description": "burst 10", 
            "hit": "", 
            "secondary_hit": "", 
            "effect": "The target makes a saving throw with a bonus equal to your Charisma modifier.", 
            "hit_modifier": null, 
            "target": "One creature in burst", 
            "name": "Channel Divinity: Divine Mettle", 
            "level": 0, 
            "sustain_action": null, 
            "action_type": 3
        }
    }, 
    {
        "pk": 23, 
        "model": "character_builder.power", 
        "fields": {
            "requirement": "", 
            "secondary_attack": "", 
            "secondary_hit_modifier": null, 
            "power_type": 14, 
            "range_type": 3, 
            "keywords": [
                13
            ], 
            "flavor": "You petition your deity for the divine strength to lay low your enemies.", 
            "miss": "", 
            "special": "", 
            "secondary_target": "", 
            "attack": "", 
            "sustain": "", 
            "usage": 3, 
            "range_description": "", 
            "hit": "", 
            "secondary_hit": "", 
            "effect": "Apply your Strength modifier as extra damage on your next attack this turn.", 
            "hit_modifier": null, 
            "target": "", 
            "name": "Channel Divinity: Divine Strength", 
            "level": 0, 
            "sustain_action": null, 
            "action_type": 3
        }
    }, 
    {
        "pk": 24, 
        "model": "character_builder.power", 
        "fields": {
            "requirement": "", 
            "secondary_attack": "", 
            "secondary_hit_modifier": null, 
            "power_type": 14, 
            "range_type": 4, 
            "keywords": [
                13, 
                14
            ], 
            "flavor": "You boldly confront a nearby enemy, searing it with divine light if it ignores your challenge.", 
            "miss": "", 
            "special": "Even though this ability is called a challenge, it doesn't rely on the intelligence or language ability of the target. It's a magical compulsion that affects the creature's behavior, regardless of the creature's nature. You can't place a divine challenge on a creature that is already affected by your or another character's divine challenge.", 
            "secondary_target": "", 
            "attack": "", 
            "sustain": "", 
            "usage": 2, 
            "range_description": "burst 5", 
            "hit": "", 
            "secondary_hit": "", 
            "effect": "You mark the target. The target remains marked until you use this power against another target, or if you fail to engage the target. A creature can be subject to only one mark at a time. A new mark supersedes a mark that was already in place.<br>\r\nWhile a target is marked it takes a -2 penalty to attack rolls for any attack that does't include you as a target. Also, it takes radiant damage equal to 3 + you Charisma modifier the first time it makes an attack that doesn't include you as a target before the start of your next turn. The damage increases to 6 + your Charisma modifier at 11th level, and to 9 + your Charisma modifier at 21st level. <br>\r\nOn your turn, you must engage the target you challenged or challenge a different target. To engage the target, you must either attack it or end your turn adjacent to it. If none of these events occur by the end of your turn, the marked condition ends and you can\u2019t use divine challenge on your next turn.\r\nYou can use divine challenge once per turn.\r\n", 
            "hit_modifier": null, 
            "target": "One creature in burst", 
            "name": "Divine Challenge", 
            "level": 0, 
            "sustain_action": null, 
            "action_type": 3
        }
    }, 
    {
        "pk": 25, 
        "model": "character_builder.power", 
        "fields": {
            "requirement": "", 
            "secondary_attack": "", 
            "secondary_hit_modifier": null, 
            "power_type": 14, 
            "range_type": 5, 
            "keywords": [
                11, 
                13
            ], 
            "flavor": "Your divine touch instantly heals wounds.", 
            "miss": "", 
            "special": "", 
            "secondary_target": "", 
            "attack": "", 
            "sustain": "", 
            "usage": 2, 
            "range_description": "touch", 
            "hit": "", 
            "secondary_hit": "", 
            "effect": "You spend a healing surge but regain no hit points. Instead, the target regains hit points as if it had spent a healing surge. You must have at least one healing surge reamaining to use this power.", 
            "hit_modifier": null, 
            "target": "One creature", 
            "name": "Lay on Hands", 
            "level": 0, 
            "sustain_action": null, 
            "action_type": 3
        }
    }, 
    {
        "pk": 26, 
        "model": "character_builder.power", 
        "fields": {
            "requirement": "You must be wielding two melee weapons or a ranged weapon.", 
            "secondary_attack": "", 
            "secondary_hit_modifier": null, 
            "power_type": 11, 
            "range_type": 5, 
            "keywords": [
                9, 
                10
            ], 
            "flavor": "You study the enemy, looking for a gap in his defenses. Only when you find it do you strike.", 
            "miss": "", 
            "special": "", 
            "secondary_target": "", 
            "attack": "Strength + 2 vs AC (melee) or Dexterity + 2 vs. AC (ranged).", 
            "sustain": "", 
            "usage": 2, 
            "range_description": "weapon", 
            "hit": "1[W] damage (melee) or 1[W] damage (ranged)<br>\r\nIncrease damage to 2[W] damage (melee) or 2[W] damage (ranged) at 21st level.", 
            "secondary_hit": "", 
            "effect": "", 
            "hit_modifier": null, 
            "target": "One creature", 
            "name": "Careful Attack", 
            "level": 1, 
            "sustain_action": null, 
            "action_type": 1
        }
    }, 
    {
        "pk": 27, 
        "model": "character_builder.power", 
        "fields": {
            "requirement": "", 
            "secondary_attack": "", 
            "secondary_hit_modifier": null, 
            "power_type": 11, 
            "range_type": 5, 
            "keywords": [
                9, 
                10
            ], 
            "flavor": "Let the fighter stand toe to toe with the monster. You prefer to make your attack, then withdraw to safer ground.", 
            "miss": "", 
            "special": "", 
            "secondary_target": "", 
            "attack": "Strength vs. AC", 
            "sustain": "", 
            "usage": 2, 
            "range_description": "weapon", 
            "hit": "1[W] + Strength modifier damage<br>\r\nIncrease damage to 2[W] + Strength modifier at 21st level.", 
            "secondary_hit": "", 
            "effect": "If you move in the same turn after this attack, leaving the first square adjacent to the target does not provoke an opportunity attack from the target.", 
            "hit_modifier": 1, 
            "target": "One creature", 
            "name": "Hit and Run", 
            "level": 1, 
            "sustain_action": null, 
            "action_type": 1
        }
    }, 
    {
        "pk": 28, 
        "model": "character_builder.power", 
        "fields": {
            "requirement": "You must be wielding two melee weapons or a ranged weapon.", 
            "secondary_attack": "", 
            "secondary_hit_modifier": null, 
            "power_type": 11, 
            "range_type": 5, 
            "keywords": [
                9, 
                10
            ], 
            "flavor": "If the first attack doesn't kill it, the second one might.", 
            "miss": "", 
            "special": "", 
            "secondary_target": "", 
            "attack": "Strength vs. AC (melee; main weapon and off-hand weapon) or Dexterity vs. AC (ranged), two attacks", 
            "sustain": "", 
            "usage": 2, 
            "range_description": "weapon", 
            "hit": "1[W] damage per attack.<br>\r\nIncrease damage to 2[W] at 21st level.", 
            "secondary_hit": "", 
            "effect": "", 
            "hit_modifier": null, 
            "target": "One or two creatures.", 
            "name": "Twin Strike", 
            "level": 1, 
            "sustain_action": null, 
            "action_type": 1
        }
    }, 
    {
        "pk": 29, 
        "model": "character_builder.power", 
        "fields": {
            "requirement": "You must be wielding two melee weapons.", 
            "secondary_attack": "", 
            "secondary_hit_modifier": null, 
            "power_type": 11, 
            "range_type": 4, 
            "keywords": [
                9, 
                10
            ], 
            "flavor": "Enemies surround you - much to their chagrin, as you slash them to pieces with the ferocity of a wounded dire wolverine.", 
            "miss": "", 
            "special": "", 
            "secondary_target": "", 
            "attack": "Strength vs. AC", 
            "sustain": "", 
            "usage": 3, 
            "range_description": "burst 1", 
            "hit": "1[W] + Strength modifier damage", 
            "secondary_hit": "", 
            "effect": "", 
            "hit_modifier": 1, 
            "target": "Each enemy in burst you can see", 
            "name": "Dire Wolverine Strike", 
            "level": 1, 
            "sustain_action": null, 
            "action_type": 1
        }
    }, 
    {
        "pk": 30, 
        "model": "character_builder.power", 
        "fields": {
            "requirement": "You must be wielding two melee weapons.", 
            "secondary_attack": "", 
            "secondary_hit_modifier": null, 
            "power_type": 11, 
            "range_type": 5, 
            "keywords": [
                9, 
                10
            ], 
            "flavor": "You use your weapons to hedge in your foe and trick him into exposing a weak spot, at which point you strike.", 
            "miss": "Half damage per attack.", 
            "special": "", 
            "secondary_target": "", 
            "attack": "Strength vs. AC (main weapon and off-hand weapon), two attacks", 
            "sustain": "", 
            "usage": 4, 
            "range_description": "weapon", 
            "hit": "2[W] + Strength modifier damage per attack.", 
            "secondary_hit": "", 
            "effect": "", 
            "hit_modifier": 1, 
            "target": "One creature", 
            "name": "Jaws of the Wolf", 
            "level": 1, 
            "sustain_action": null, 
            "action_type": 1
        }
    }, 
    {
        "pk": 31, 
        "model": "character_builder.power", 
        "fields": {
            "requirement": "", 
            "secondary_attack": "", 
            "secondary_hit_modifier": null, 
            "power_type": 15, 
            "range_type": 1, 
            "keywords": [
                11, 
                13
            ], 
            "flavor": "Melora sends a tide of healing energy to aid you or a bloodied friend.", 
            "miss": "", 
            "special": "You must take the Melora's Tide feat to use this power.", 
            "secondary_target": "", 
            "attack": "", 
            "sustain": "", 
            "usage": 3, 
            "range_description": "5", 
            "hit": "", 
            "secondary_hit": "", 
            "effect": "The target gains regeneration 2 until the end of the encounter or until he or she is no longer bloodied.<br>\r\nIf you are 11th level or higher, this power grants regeneration 4 instead. <br>\r\nIf you are 21st level or higher, this power grants regeneration 6 instead. \r\n", 
            "hit_modifier": null, 
            "target": "You or one ally; bloodied target only", 
            "name": "Channel Divinity: Melora's Tide", 
            "level": 0, 
            "sustain_action": null, 
            "action_type": 3
        }
    }, 
    {
        "pk": 32, 
        "model": "character_builder.power", 
        "fields": {
            "requirement": "", 
            "secondary_attack": "", 
            "secondary_hit_modifier": null, 
            "power_type": 14, 
            "range_type": 3, 
            "keywords": [
                13
            ], 
            "flavor": "In the face of peril, you hold true to your faith and receive a special boon.", 
            "miss": "", 
            "special": "", 
            "secondary_target": "", 
            "attack": "", 
            "sustain": "", 
            "usage": 3, 
            "range_description": "", 
            "hit": "", 
            "secondary_hit": "", 
            "effect": "You gain a +1 bonus to your next attack roll or saving throw before the end of your next turn.", 
            "hit_modifier": null, 
            "target": "", 
            "name": "Channel Divinity: Divine Fortune", 
            "level": 0, 
            "sustain_action": null, 
            "action_type": 4
        }
    }, 
    {
        "pk": 33, 
        "model": "character_builder.power", 
        "fields": {
            "requirement": "", 
            "secondary_attack": "", 
            "secondary_hit_modifier": null, 
            "power_type": 14, 
            "range_type": 4, 
            "keywords": [
                3, 
                13, 
                14
            ], 
            "flavor": "You sear undead foes, push them back, and root them in place.", 
            "miss": "Half damage, and the target is not pushed or immobilized.", 
            "special": "", 
            "secondary_target": "", 
            "attack": "Wisdom vs. Will", 
            "sustain": "", 
            "usage": 3, 
            "range_description": "burst 2 (5 at 11th level, 8 at 21st level)", 
            "hit": "1d10 + Wisdom modifier radiant damage, and you push the target a number of squares equal to 3 + your Charisma modifier. The target is immobilized until the end of your next turn.<br>\r\nIncrease damage to 2d10 + Wisdom modifier at 5th level, <br>\r\n3d10 + Wisdom modifier at 11th level,<br>\r\n4d10 + Wisdom modifier at 15th level,<br>\r\n5d10 + Wisdom modifier at 21st level,<br>\r\nand 6d10 + Wisdom modifier at 25th level.", 
            "secondary_hit": "", 
            "effect": "", 
            "hit_modifier": 5, 
            "target": "Each undead creature in burst", 
            "name": "Channel Divinity: Turn Undead", 
            "level": 0, 
            "sustain_action": null, 
            "action_type": 1
        }
    }, 
    {
        "pk": 34, 
        "model": "character_builder.power", 
        "fields": {
            "requirement": "", 
            "secondary_attack": "", 
            "secondary_hit_modifier": null, 
            "power_type": 14, 
            "range_type": 4, 
            "keywords": [
                11, 
                13
            ], 
            "flavor": "You whisper a brief prayer as divine light washes over your target, helping to mend its wounds.", 
            "miss": "", 
            "special": "You can use this power twice per encounter, but only once per round. At 16th level, you can use this power three times per encounter.", 
            "secondary_target": "", 
            "attack": "", 
            "sustain": "", 
            "usage": 3, 
            "range_description": "burst 5 (10 at 11th level, 15 at 21st level)", 
            "hit": "", 
            "secondary_hit": "", 
            "effect": "The target can spend a healing surge and regain an additional 1d6 hit points.<br>\r\nIncrease the amount of additional hit points regained to 2d6 at 6th level,<br>\r\n3d6 at 11th level, 4d6 at 16th level,<br>\r\n5d6 at 21st level,<br>\r\nand 6d6 at 26th level.", 
            "hit_modifier": null, 
            "target": "You or one ally", 
            "name": "Healing Word", 
            "level": 0, 
            "sustain_action": null, 
            "action_type": 3
        }
    }, 
    {
        "pk": 35, 
        "model": "character_builder.power", 
        "fields": {
            "requirement": "", 
            "secondary_attack": "", 
            "secondary_hit_modifier": null, 
            "power_type": 11, 
            "range_type": 1, 
            "keywords": [
                3, 
                13, 
                14
            ], 
            "flavor": "A brilliant ray of light sears your foe with golden radiance. Sparkles of light linger around the target, guiding your ally\u2019s attack. \r\n", 
            "miss": "", 
            "special": "", 
            "secondary_target": "", 
            "attack": "Wisdom vs. Reflex", 
            "sustain": "", 
            "usage": 2, 
            "range_description": "5", 
            "hit": "1d8 + Wisdom modifier radiant damage, and one ally you can see gains a +2 power bonus to his or her next attack roll against the target.<br>\r\nIncrease damage to 2d8 + Wisdom modifier at 21st level. \r\n", 
            "secondary_hit": "", 
            "effect": "", 
            "hit_modifier": null, 
            "target": "One creature", 
            "name": "Lance of Faith", 
            "level": 1, 
            "sustain_action": null, 
            "action_type": 1
        }
    }, 
    {
        "pk": 36, 
        "model": "character_builder.power", 
        "fields": {
            "requirement": "", 
            "secondary_attack": "", 
            "secondary_hit_modifier": null, 
            "power_type": 11, 
            "range_type": 1, 
            "keywords": [
                3, 
                13, 
                14
            ], 
            "flavor": "Sacred light shines from above, searing a single enemy with its radiance while at the same time aiding an ally with its beneficent power.", 
            "miss": "", 
            "special": "", 
            "secondary_target": "", 
            "attack": "Wisdom vs. Reflex", 
            "sustain": "", 
            "usage": 2, 
            "range_description": "5", 
            "hit": "1d6 + Wisdom modifier radiant damage, and one ally you can see chooses either to gain temporary hit points equal to your Charisma modifier + one-half your level or to make a saving throw.<br>\r\nIncrease damage to 2d6 + Wisdom modifier at 21st level.", 
            "secondary_hit": "", 
            "effect": "", 
            "hit_modifier": null, 
            "target": "One creature", 
            "name": "Sacred Flame", 
            "level": 1, 
            "sustain_action": null, 
            "action_type": 1
        }
    }, 
    {
        "pk": 37, 
        "model": "character_builder.power", 
        "fields": {
            "requirement": "", 
            "secondary_attack": "", 
            "secondary_hit_modifier": null, 
            "power_type": 12, 
            "range_type": 3, 
            "keywords": [
                1
            ], 
            "flavor": "Luck and small size combine to work in your favor as you dodge your enemy\u2019s attack.", 
            "miss": "", 
            "special": "", 
            "secondary_target": "", 
            "attack": "", 
            "sustain": "", 
            "usage": 3, 
            "range_description": "", 
            "hit": "", 
            "secondary_hit": "", 
            "effect": "When an attack hits you, force an enemy to roll the attack again. The enemy uses the second roll, even if it\u2019s lower.", 
            "hit_modifier": null, 
            "target": "", 
            "name": "Second Chance", 
            "level": 0, 
            "sustain_action": null, 
            "action_type": 5
        }
    }, 
    {
        "pk": 38, 
        "model": "character_builder.power", 
        "fields": {
            "requirement": "", 
            "secondary_attack": "", 
            "secondary_hit_modifier": null, 
            "power_type": 11, 
            "range_type": 5, 
            "keywords": [
                10, 
                11, 
                13, 
                14
            ], 
            "flavor": "Divine radiance gleams from your weapon. When you smite your enemy, your deity bestows a minor blessing in the form of healing for you or one of your allies.", 
            "miss": "", 
            "special": "", 
            "secondary_target": "", 
            "attack": "Strength vs. AC", 
            "sustain": "", 
            "usage": 3, 
            "range_description": "weapon", 
            "hit": "2[W] + Strength modifier radiant damage, and the target is marked until the end of your next turn. In addition, you or one ally within 5 squares of you can spend a healing surge.", 
            "secondary_hit": "", 
            "effect": "", 
            "hit_modifier": 1, 
            "target": "One creature", 
            "name": "Healing Strike", 
            "level": 1, 
            "sustain_action": null, 
            "action_type": 1
        }
    }, 
    {
        "pk": 39, 
        "model": "character_builder.power", 
        "fields": {
            "requirement": "", 
            "secondary_attack": "", 
            "secondary_hit_modifier": null, 
            "power_type": 11, 
            "range_type": 4, 
            "keywords": [
                3, 
                11, 
                13
            ], 
            "flavor": "A burst of divine energy harms your foes and heals your allies. The radiant energy lingers around your holy symbol and improves your healing powers for the rest of the battle.", 
            "miss": "", 
            "special": "", 
            "secondary_target": "", 
            "attack": "Wisdom vs. Will", 
            "sustain": "", 
            "usage": 4, 
            "range_description": "burst 3", 
            "hit": "The target is weakened until the end of its next turn.", 
            "secondary_hit": "", 
            "effect": "You and all your allies in the burst regain 5 hit points, and your healing powers restore +5 hit points until the end of the encounter.", 
            "hit_modifier": null, 
            "target": "Each enemy in burst", 
            "name": "Beacon of Hope", 
            "level": 1, 
            "sustain_action": null, 
            "action_type": 1
        }
    }, 
    {
        "pk": 40, 
        "model": "character_builder.power", 
        "fields": {
            "requirement": "", 
            "secondary_attack": "", 
            "secondary_hit_modifier": null, 
            "power_type": 15, 
            "range_type": 1, 
            "keywords": [
                13
            ], 
            "flavor": "Ioun grants strength of will to those she favors.", 
            "miss": "", 
            "special": "You must take the Ioun\u2019s Poise feat to use this power.", 
            "secondary_target": "", 
            "attack": "", 
            "sustain": "", 
            "usage": 3, 
            "range_description": "5", 
            "hit": "", 
            "secondary_hit": "", 
            "effect": "The target gains a +5 power bonus to Will defense until the start of your next turn.", 
            "hit_modifier": null, 
            "target": "You or one ally", 
            "name": "Channel Divinity: Ioun's Poise", 
            "level": 0, 
            "sustain_action": null, 
            "action_type": 3
        }
    }, 
    {
        "pk": 32, 
        "model": "character_builder.classpower", 
        "fields": {
            "keywords": [
                13
            ], 
            "class_type": 1
        }
    }, 
    {
        "pk": 33, 
        "model": "character_builder.classpower", 
        "fields": {
            "keywords": [
                3, 
                13, 
                14
            ], 
            "class_type": 1
        }
    }, 
    {
        "pk": 34, 
        "model": "character_builder.classpower", 
        "fields": {
            "keywords": [
                11, 
                13
            ], 
            "class_type": 1
        }
    }, 
    {
        "pk": 35, 
        "model": "character_builder.classpower", 
        "fields": {
            "keywords": [
                3, 
                13, 
                14
            ], 
            "class_type": 1
        }
    }, 
    {
        "pk": 36, 
        "model": "character_builder.classpower", 
        "fields": {
            "keywords": [
                3, 
                13, 
                14
            ], 
            "class_type": 1
        }
    }, 
    {
        "pk": 38, 
        "model": "character_builder.classpower", 
        "fields": {
            "keywords": [
                10, 
                11, 
                13, 
                14
            ], 
            "class_type": 1
        }
    }, 
    {
        "pk": 39, 
        "model": "character_builder.classpower", 
        "fields": {
            "keywords": [
                3, 
                11, 
                13
            ], 
            "class_type": 1
        }
    }, 
    {
        "pk": 14, 
        "model": "character_builder.classpower", 
        "fields": {
            "keywords": [
                9, 
                10
            ], 
            "class_type": 2
        }
    }, 
    {
        "pk": 15, 
        "model": "character_builder.classpower", 
        "fields": {
            "keywords": [
                9, 
                10
            ], 
            "class_type": 2
        }
    }, 
    {
        "pk": 16, 
        "model": "character_builder.classpower", 
        "fields": {
            "keywords": [
                9, 
                10
            ], 
            "class_type": 2
        }
    }, 
    {
        "pk": 17, 
        "model": "character_builder.classpower", 
        "fields": {
            "keywords": [
                9, 
                10, 
                11, 
                12
            ], 
            "class_type": 2
        }
    }, 
    {
        "pk": 18, 
        "model": "character_builder.classpower", 
        "fields": {
            "keywords": [
                10, 
                13
            ], 
            "class_type": 3
        }
    }, 
    {
        "pk": 19, 
        "model": "character_builder.classpower", 
        "fields": {
            "keywords": [
                10, 
                13, 
                14
            ], 
            "class_type": 3
        }
    }, 
    {
        "pk": 20, 
        "model": "character_builder.classpower", 
        "fields": {
            "keywords": [
                10, 
                13
            ], 
            "class_type": 3
        }
    }, 
    {
        "pk": 21, 
        "model": "character_builder.classpower", 
        "fields": {
            "keywords": [
                10, 
                11, 
                13
            ], 
            "class_type": 3
        }
    }, 
    {
        "pk": 22, 
        "model": "character_builder.classpower", 
        "fields": {
            "keywords": [
                13
            ], 
            "class_type": 3
        }
    }, 
    {
        "pk": 23, 
        "model": "character_builder.classpower", 
        "fields": {
            "keywords": [
                13
            ], 
            "class_type": 3
        }
    }, 
    {
        "pk": 24, 
        "model": "character_builder.classpower", 
        "fields": {
            "keywords": [
                13, 
                14
            ], 
            "class_type": 3
        }
    }, 
    {
        "pk": 25, 
        "model": "character_builder.classpower", 
        "fields": {
            "keywords": [
                11, 
                13
            ], 
            "class_type": 3
        }
    }, 
    {
        "pk": 26, 
        "model": "character_builder.classpower", 
        "fields": {
            "keywords": [
                9, 
                10
            ], 
            "class_type": 4
        }
    }, 
    {
        "pk": 27, 
        "model": "character_builder.classpower", 
        "fields": {
            "keywords": [
                9, 
                10
            ], 
            "class_type": 4
        }
    }, 
    {
        "pk": 28, 
        "model": "character_builder.classpower", 
        "fields": {
            "keywords": [
                9, 
                10
            ], 
            "class_type": 4
        }
    }, 
    {
        "pk": 29, 
        "model": "character_builder.classpower", 
        "fields": {
            "keywords": [
                9, 
                10
            ], 
            "class_type": 4
        }
    }, 
    {
        "pk": 30, 
        "model": "character_builder.classpower", 
        "fields": {
            "keywords": [
                9, 
                10
            ], 
            "class_type": 4
        }
    }, 
    {
        "pk": 4, 
        "model": "character_builder.classpower", 
        "fields": {
            "keywords": [
                1, 
                2, 
                3
            ], 
            "class_type": 8
        }
    }, 
    {
        "pk": 5, 
        "model": "character_builder.classpower", 
        "fields": {
            "keywords": [
                1, 
                3, 
                4
            ], 
            "class_type": 8
        }
    }, 
    {
        "pk": 7, 
        "model": "character_builder.classpower", 
        "fields": {
            "keywords": [
                1, 
                3, 
                4
            ], 
            "class_type": 8
        }
    }, 
    {
        "pk": 8, 
        "model": "character_builder.classpower", 
        "fields": {
            "keywords": [
                1, 
                3, 
                6
            ], 
            "class_type": 8
        }
    }, 
    {
        "pk": 9, 
        "model": "character_builder.classpower", 
        "fields": {
            "keywords": [
                1, 
                3, 
                4, 
                7
            ], 
            "class_type": 8
        }
    }, 
    {
        "pk": 10, 
        "model": "character_builder.classpower", 
        "fields": {
            "keywords": [
                1, 
                8
            ], 
            "class_type": 8
        }
    }, 
    {
        "pk": 11, 
        "model": "character_builder.classpower", 
        "fields": {
            "keywords": [
                1
            ], 
            "class_type": 8
        }
    }, 
    {
        "pk": 12, 
        "model": "character_builder.classpower", 
        "fields": {
            "keywords": [
                1, 
                7
            ], 
            "class_type": 8
        }
    }, 
    {
        "pk": 13, 
        "model": "character_builder.classpower", 
        "fields": {
            "keywords": [
                1
            ], 
            "class_type": 8
        }
    }, 
    {
        "pk": 6, 
        "model": "character_builder.racialpower", 
        "fields": {
            "keywords": [
                5
            ], 
            "race": 3
        }
    }, 
    {
        "pk": 37, 
        "model": "character_builder.racialpower", 
        "fields": {
            "keywords": [
                1
            ], 
            "race": 6
        }
    }, 
    {
        "pk": 31, 
        "model": "character_builder.featpower", 
        "fields": {
            "keywords": [
                11, 
                13
            ], 
            "feat": 27
        }
    }, 
    {
        "pk": 40, 
        "model": "character_builder.featpower", 
        "fields": {
            "keywords": [
                13
            ], 
            "feat": 28
        }
    }, 
    {
        "pk": 1, 
        "model": "character_builder.character", 
        "fields": {
            "class_type": 1, 
            "weight": "180", 
            "gender": 2, 
            "age": 28, 
            "height": "5' 10\"", 
            "max_hit_points": 22, 
            "race": 4, 
            "slug_name": "vaygun", 
            "user": 1, 
            "hit_points": 22, 
            "xp": 0, 
            "deity": 1, 
            "alignment": 1, 
            "name": "Vaygun"
        }
    }, 
    {
        "pk": 3, 
        "model": "character_builder.character", 
        "fields": {
            "class_type": 8, 
            "weight": "", 
            "gender": 3, 
            "age": null, 
            "height": "", 
            "max_hit_points": 22, 
            "race": 3, 
            "slug_name": "meriele", 
            "user": 1, 
            "hit_points": 22, 
            "xp": 0, 
            "deity": 3, 
            "alignment": 5, 
            "name": "Meriele"
        }
    }, 
    {
        "pk": 6, 
        "model": "character_builder.character", 
        "fields": {
            "class_type": 1, 
            "weight": "86", 
            "gender": 3, 
            "age": 32, 
            "height": "4' 3\"", 
            "max_hit_points": 24, 
            "race": 6, 
            "slug_name": "maekju", 
            "user": 1, 
            "hit_points": 20, 
            "xp": 0, 
            "deity": 5, 
            "alignment": 5, 
            "name": "Maekju"
        }
    }, 
    {
        "pk": 7, 
        "model": "character_builder.character", 
        "fields": {
            "class_type": 4, 
            "weight": "", 
            "gender": 2, 
            "age": 27, 
            "height": "", 
            "max_hit_points": 24, 
            "race": 17, 
            "slug_name": "zed", 
            "user": 1, 
            "hit_points": 15, 
            "xp": 0, 
            "deity": 10, 
            "alignment": 5, 
            "name": "Zed"
        }
    }, 
    {
        "pk": 8, 
        "model": "character_builder.character", 
        "fields": {
            "class_type": 2, 
            "weight": "250", 
            "gender": 2, 
            "age": 28, 
            "height": "4' 9\"", 
            "max_hit_points": 33, 
            "race": 2, 
            "slug_name": "gerlof", 
            "user": 1, 
            "hit_points": 25, 
            "xp": 0, 
            "deity": 8, 
            "alignment": 1, 
            "name": "Gerlof"
        }
    }, 
    {
        "pk": 9, 
        "model": "character_builder.character", 
        "fields": {
            "class_type": 3, 
            "weight": "180", 
            "gender": 3, 
            "age": 20, 
            "height": "5' 6\"", 
            "max_hit_points": 29, 
            "race": 5, 
            "slug_name": "roux", 
            "user": 1, 
            "hit_points": 29, 
            "xp": 0, 
            "deity": 7, 
            "alignment": 5, 
            "name": "Roux"
        }
    }, 
    {
        "pk": 1, 
        "model": "character_builder.charactercurrency", 
        "fields": {
            "currency_type": 3, 
            "amount": 98, 
            "character": 1
        }
    }, 
    {
        "pk": 2, 
        "model": "character_builder.charactercurrency", 
        "fields": {
            "currency_type": 2, 
            "amount": 10, 
            "character": 1
        }
    }, 
    {
        "pk": 3, 
        "model": "character_builder.charactercurrency", 
        "fields": {
            "currency_type": 1, 
            "amount": 100, 
            "character": 1
        }
    }, 
    {
        "pk": 1, 
        "model": "character_builder.characterclassfeature", 
        "fields": {
            "class_feature": 2, 
            "character": 3, 
            "choice": 3
        }
    }, 
    {
        "pk": 1, 
        "model": "character_builder.characterability", 
        "fields": {
            "character": 1, 
            "ability": 2, 
            "value": 10
        }
    }, 
    {
        "pk": 2, 
        "model": "character_builder.characterability", 
        "fields": {
            "character": 1, 
            "ability": 5, 
            "value": 16
        }
    }, 
    {
        "pk": 13, 
        "model": "character_builder.characterability", 
        "fields": {
            "character": 6, 
            "ability": 1, 
            "value": 14
        }
    }, 
    {
        "pk": 14, 
        "model": "character_builder.characterability", 
        "fields": {
            "character": 6, 
            "ability": 2, 
            "value": 12
        }
    }, 
    {
        "pk": 15, 
        "model": "character_builder.characterability", 
        "fields": {
            "character": 6, 
            "ability": 3, 
            "value": 12
        }
    }, 
    {
        "pk": 16, 
        "model": "character_builder.characterability", 
        "fields": {
            "character": 6, 
            "ability": 4, 
            "value": 11
        }
    }, 
    {
        "pk": 17, 
        "model": "character_builder.characterability", 
        "fields": {
            "character": 6, 
            "ability": 5, 
            "value": 16
        }
    }, 
    {
        "pk": 18, 
        "model": "character_builder.characterability", 
        "fields": {
            "character": 6, 
            "ability": 6, 
            "value": 15
        }
    }, 
    {
        "pk": 19, 
        "model": "character_builder.characterability", 
        "fields": {
            "character": 3, 
            "ability": 1, 
            "value": 11
        }
    }, 
    {
        "pk": 20, 
        "model": "character_builder.characterability", 
        "fields": {
            "character": 3, 
            "ability": 2, 
            "value": 12
        }
    }, 
    {
        "pk": 21, 
        "model": "character_builder.characterability", 
        "fields": {
            "character": 3, 
            "ability": 3, 
            "value": 15
        }
    }, 
    {
        "pk": 22, 
        "model": "character_builder.characterability", 
        "fields": {
            "character": 3, 
            "ability": 4, 
            "value": 18
        }
    }, 
    {
        "pk": 23, 
        "model": "character_builder.characterability", 
        "fields": {
            "character": 3, 
            "ability": 5, 
            "value": 14
        }
    }, 
    {
        "pk": 24, 
        "model": "character_builder.characterability", 
        "fields": {
            "character": 3, 
            "ability": 6, 
            "value": 10
        }
    }, 
    {
        "pk": 25, 
        "model": "character_builder.characterability", 
        "fields": {
            "character": 7, 
            "ability": 1, 
            "value": 18
        }
    }, 
    {
        "pk": 26, 
        "model": "character_builder.characterability", 
        "fields": {
            "character": 7, 
            "ability": 2, 
            "value": 12
        }
    }, 
    {
        "pk": 27, 
        "model": "character_builder.characterability", 
        "fields": {
            "character": 7, 
            "ability": 3, 
            "value": 14
        }
    }, 
    {
        "pk": 28, 
        "model": "character_builder.characterability", 
        "fields": {
            "character": 7, 
            "ability": 4, 
            "value": 10
        }
    }, 
    {
        "pk": 29, 
        "model": "character_builder.characterability", 
        "fields": {
            "character": 7, 
            "ability": 5, 
            "value": 13
        }
    }, 
    {
        "pk": 30, 
        "model": "character_builder.characterability", 
        "fields": {
            "character": 7, 
            "ability": 6, 
            "value": 11
        }
    }, 
    {
        "pk": 31, 
        "model": "character_builder.characterability", 
        "fields": {
            "character": 8, 
            "ability": 1, 
            "value": 14
        }
    }, 
    {
        "pk": 32, 
        "model": "character_builder.characterability", 
        "fields": {
            "character": 8, 
            "ability": 2, 
            "value": 18
        }
    }, 
    {
        "pk": 33, 
        "model": "character_builder.characterability", 
        "fields": {
            "character": 8, 
            "ability": 3, 
            "value": 11
        }
    }, 
    {
        "pk": 34, 
        "model": "character_builder.characterability", 
        "fields": {
            "character": 8, 
            "ability": 4, 
            "value": 10
        }
    }, 
    {
        "pk": 35, 
        "model": "character_builder.characterability", 
        "fields": {
            "character": 8, 
            "ability": 5, 
            "value": 15
        }
    }, 
    {
        "pk": 36, 
        "model": "character_builder.characterability", 
        "fields": {
            "character": 8, 
            "ability": 6, 
            "value": 12
        }
    }, 
    {
        "pk": 37, 
        "model": "character_builder.characterability", 
        "fields": {
            "character": 9, 
            "ability": 1, 
            "value": 14
        }
    }, 
    {
        "pk": 38, 
        "model": "character_builder.characterability", 
        "fields": {
            "character": 9, 
            "ability": 2, 
            "value": 14
        }
    }, 
    {
        "pk": 39, 
        "model": "character_builder.characterability", 
        "fields": {
            "character": 9, 
            "ability": 3, 
            "value": 11
        }
    }, 
    {
        "pk": 40, 
        "model": "character_builder.characterability", 
        "fields": {
            "character": 9, 
            "ability": 4, 
            "value": 10
        }
    }, 
    {
        "pk": 41, 
        "model": "character_builder.characterability", 
        "fields": {
            "character": 9, 
            "ability": 5, 
            "value": 13
        }
    }, 
    {
        "pk": 42, 
        "model": "character_builder.characterability", 
        "fields": {
            "character": 9, 
            "ability": 6, 
            "value": 18
        }
    }, 
    {
        "pk": 43, 
        "model": "character_builder.characterability", 
        "fields": {
            "character": 1, 
            "ability": 1, 
            "value": 13
        }
    }, 
    {
        "pk": 44, 
        "model": "character_builder.characterability", 
        "fields": {
            "character": 1, 
            "ability": 3, 
            "value": 12
        }
    }, 
    {
        "pk": 45, 
        "model": "character_builder.characterability", 
        "fields": {
            "character": 1, 
            "ability": 4, 
            "value": 11
        }
    }, 
    {
        "pk": 46, 
        "model": "character_builder.characterability", 
        "fields": {
            "character": 1, 
            "ability": 6, 
            "value": 14
        }
    }, 
    {
        "pk": 1, 
        "model": "character_builder.characterskill", 
        "fields": {
            "skill": 1, 
            "character": 3, 
            "is_trained": false, 
            "value": 0
        }
    }, 
    {
        "pk": 2, 
        "model": "character_builder.characterskill", 
        "fields": {
            "skill": 2, 
            "character": 3, 
            "is_trained": true, 
            "value": 2
        }
    }, 
    {
        "pk": 3, 
        "model": "character_builder.characterskill", 
        "fields": {
            "skill": 3, 
            "character": 3, 
            "is_trained": false, 
            "value": 0
        }
    }, 
    {
        "pk": 4, 
        "model": "character_builder.characterskill", 
        "fields": {
            "skill": 4, 
            "character": 3, 
            "is_trained": false, 
            "value": 0
        }
    }, 
    {
        "pk": 5, 
        "model": "character_builder.characterskill", 
        "fields": {
            "skill": 5, 
            "character": 3, 
            "is_trained": false, 
            "value": 0
        }
    }, 
    {
        "pk": 6, 
        "model": "character_builder.characterskill", 
        "fields": {
            "skill": 6, 
            "character": 3, 
            "is_trained": false, 
            "value": 0
        }
    }, 
    {
        "pk": 7, 
        "model": "character_builder.characterskill", 
        "fields": {
            "skill": 7, 
            "character": 3, 
            "is_trained": false, 
            "value": 0
        }
    }, 
    {
        "pk": 8, 
        "model": "character_builder.characterskill", 
        "fields": {
            "skill": 8, 
            "character": 3, 
            "is_trained": false, 
            "value": 0
        }
    }, 
    {
        "pk": 9, 
        "model": "character_builder.characterskill", 
        "fields": {
            "skill": 9, 
            "character": 3, 
            "is_trained": false, 
            "value": 2
        }
    }, 
    {
        "pk": 10, 
        "model": "character_builder.characterskill", 
        "fields": {
            "skill": 10, 
            "character": 3, 
            "is_trained": true, 
            "value": 0
        }
    }, 
    {
        "pk": 11, 
        "model": "character_builder.characterskill", 
        "fields": {
            "skill": 11, 
            "character": 3, 
            "is_trained": false, 
            "value": 0
        }
    }, 
    {
        "pk": 12, 
        "model": "character_builder.characterskill", 
        "fields": {
            "skill": 12, 
            "character": 3, 
            "is_trained": true, 
            "value": 0
        }
    }, 
    {
        "pk": 13, 
        "model": "character_builder.characterskill", 
        "fields": {
            "skill": 13, 
            "character": 3, 
            "is_trained": false, 
            "value": 0
        }
    }, 
    {
        "pk": 14, 
        "model": "character_builder.characterskill", 
        "fields": {
            "skill": 14, 
            "character": 3, 
            "is_trained": true, 
            "value": 0
        }
    }, 
    {
        "pk": 15, 
        "model": "character_builder.characterskill", 
        "fields": {
            "skill": 15, 
            "character": 3, 
            "is_trained": false, 
            "value": 0
        }
    }, 
    {
        "pk": 16, 
        "model": "character_builder.characterskill", 
        "fields": {
            "skill": 16, 
            "character": 3, 
            "is_trained": false, 
            "value": 0
        }
    }, 
    {
        "pk": 17, 
        "model": "character_builder.characterskill", 
        "fields": {
            "skill": 17, 
            "character": 3, 
            "is_trained": false, 
            "value": 0
        }
    }, 
    {
        "pk": 18, 
        "model": "character_builder.characterskill", 
        "fields": {
            "skill": 1, 
            "character": 8, 
            "is_trained": false, 
            "value": 0
        }
    }, 
    {
        "pk": 19, 
        "model": "character_builder.characterskill", 
        "fields": {
            "skill": 2, 
            "character": 8, 
            "is_trained": false, 
            "value": 0
        }
    }, 
    {
        "pk": 20, 
        "model": "character_builder.characterskill", 
        "fields": {
            "skill": 3, 
            "character": 8, 
            "is_trained": true, 
            "value": 0
        }
    }, 
    {
        "pk": 21, 
        "model": "character_builder.characterskill", 
        "fields": {
            "skill": 4, 
            "character": 8, 
            "is_trained": false, 
            "value": 0
        }
    }, 
    {
        "pk": 22, 
        "model": "character_builder.characterskill", 
        "fields": {
            "skill": 5, 
            "character": 8, 
            "is_trained": false, 
            "value": 0
        }
    }, 
    {
        "pk": 23, 
        "model": "character_builder.characterskill", 
        "fields": {
            "skill": 6, 
            "character": 8, 
            "is_trained": false, 
            "value": 2
        }
    }, 
    {
        "pk": 24, 
        "model": "character_builder.characterskill", 
        "fields": {
            "skill": 7, 
            "character": 8, 
            "is_trained": true, 
            "value": 2
        }
    }, 
    {
        "pk": 25, 
        "model": "character_builder.characterskill", 
        "fields": {
            "skill": 8, 
            "character": 8, 
            "is_trained": false, 
            "value": 0
        }
    }, 
    {
        "pk": 26, 
        "model": "character_builder.characterskill", 
        "fields": {
            "skill": 9, 
            "character": 8, 
            "is_trained": false, 
            "value": 0
        }
    }, 
    {
        "pk": 27, 
        "model": "character_builder.characterskill", 
        "fields": {
            "skill": 10, 
            "character": 8, 
            "is_trained": false, 
            "value": 0
        }
    }, 
    {
        "pk": 28, 
        "model": "character_builder.characterskill", 
        "fields": {
            "skill": 11, 
            "character": 8, 
            "is_trained": true, 
            "value": 0
        }
    }, 
    {
        "pk": 29, 
        "model": "character_builder.characterskill", 
        "fields": {
            "skill": 12, 
            "character": 8, 
            "is_trained": false, 
            "value": 0
        }
    }, 
    {
        "pk": 30, 
        "model": "character_builder.characterskill", 
        "fields": {
            "skill": 13, 
            "character": 8, 
            "is_trained": false, 
            "value": 0
        }
    }, 
    {
        "pk": 31, 
        "model": "character_builder.characterskill", 
        "fields": {
            "skill": 14, 
            "character": 8, 
            "is_trained": false, 
            "value": 0
        }
    }, 
    {
        "pk": 32, 
        "model": "character_builder.characterskill", 
        "fields": {
            "skill": 15, 
            "character": 8, 
            "is_trained": false, 
            "value": 0
        }
    }, 
    {
        "pk": 33, 
        "model": "character_builder.characterskill", 
        "fields": {
            "skill": 16, 
            "character": 8, 
            "is_trained": false, 
            "value": 0
        }
    }, 
    {
        "pk": 34, 
        "model": "character_builder.characterskill", 
        "fields": {
            "skill": 17, 
            "character": 8, 
            "is_trained": false, 
            "value": 0
        }
    }, 
    {
        "pk": 35, 
        "model": "character_builder.characterskill", 
        "fields": {
            "skill": 1, 
            "character": 9, 
            "is_trained": false, 
            "value": 0
        }
    }, 
    {
        "pk": 36, 
        "model": "character_builder.characterskill", 
        "fields": {
            "skill": 2, 
            "character": 9, 
            "is_trained": false, 
            "value": 0
        }
    }, 
    {
        "pk": 37, 
        "model": "character_builder.characterskill", 
        "fields": {
            "skill": 3, 
            "character": 9, 
            "is_trained": false, 
            "value": 0
        }
    }, 
    {
        "pk": 38, 
        "model": "character_builder.characterskill", 
        "fields": {
            "skill": 4, 
            "character": 9, 
            "is_trained": false, 
            "value": 0
        }
    }, 
    {
        "pk": 39, 
        "model": "character_builder.characterskill", 
        "fields": {
            "skill": 5, 
            "character": 9, 
            "is_trained": true, 
            "value": 2
        }
    }, 
    {
        "pk": 40, 
        "model": "character_builder.characterskill", 
        "fields": {
            "skill": 6, 
            "character": 9, 
            "is_trained": false, 
            "value": 0
        }
    }, 
    {
        "pk": 41, 
        "model": "character_builder.characterskill", 
        "fields": {
            "skill": 7, 
            "character": 9, 
            "is_trained": false, 
            "value": 0
        }
    }, 
    {
        "pk": 42, 
        "model": "character_builder.characterskill", 
        "fields": {
            "skill": 8, 
            "character": 9, 
            "is_trained": false, 
            "value": 0
        }
    }, 
    {
        "pk": 43, 
        "model": "character_builder.characterskill", 
        "fields": {
            "skill": 9, 
            "character": 9, 
            "is_trained": false, 
            "value": 0
        }
    }, 
    {
        "pk": 44, 
        "model": "character_builder.characterskill", 
        "fields": {
            "skill": 10, 
            "character": 9, 
            "is_trained": true, 
            "value": 2
        }
    }, 
    {
        "pk": 45, 
        "model": "character_builder.characterskill", 
        "fields": {
            "skill": 11, 
            "character": 9, 
            "is_trained": true, 
            "value": 0
        }
    }, 
    {
        "pk": 46, 
        "model": "character_builder.characterskill", 
        "fields": {
            "skill": 12, 
            "character": 9, 
            "is_trained": false, 
            "value": 0
        }
    }, 
    {
        "pk": 47, 
        "model": "character_builder.characterskill", 
        "fields": {
            "skill": 13, 
            "character": 9, 
            "is_trained": false, 
            "value": 0
        }
    }, 
    {
        "pk": 48, 
        "model": "character_builder.characterskill", 
        "fields": {
            "skill": 14, 
            "character": 9, 
            "is_trained": true, 
            "value": 0
        }
    }, 
    {
        "pk": 49, 
        "model": "character_builder.characterskill", 
        "fields": {
            "skill": 15, 
            "character": 9, 
            "is_trained": false, 
            "value": 0
        }
    }, 
    {
        "pk": 50, 
        "model": "character_builder.characterskill", 
        "fields": {
            "skill": 16, 
            "character": 9, 
            "is_trained": false, 
            "value": 0
        }
    }, 
    {
        "pk": 51, 
        "model": "character_builder.characterskill", 
        "fields": {
            "skill": 17, 
            "character": 9, 
            "is_trained": false, 
            "value": 0
        }
    }, 
    {
        "pk": 52, 
        "model": "character_builder.characterskill", 
        "fields": {
            "skill": 1, 
            "character": 6, 
            "is_trained": false, 
            "value": 2
        }
    }, 
    {
        "pk": 53, 
        "model": "character_builder.characterskill", 
        "fields": {
            "skill": 2, 
            "character": 6, 
            "is_trained": true, 
            "value": 0
        }
    }, 
    {
        "pk": 54, 
        "model": "character_builder.characterskill", 
        "fields": {
            "skill": 3, 
            "character": 6, 
            "is_trained": false, 
            "value": 0
        }
    }, 
    {
        "pk": 55, 
        "model": "character_builder.characterskill", 
        "fields": {
            "skill": 4, 
            "character": 6, 
            "is_trained": false, 
            "value": 0
        }
    }, 
    {
        "pk": 56, 
        "model": "character_builder.characterskill", 
        "fields": {
            "skill": 5, 
            "character": 6, 
            "is_trained": true, 
            "value": 0
        }
    }, 
    {
        "pk": 57, 
        "model": "character_builder.characterskill", 
        "fields": {
            "skill": 6, 
            "character": 6, 
            "is_trained": false, 
            "value": 0
        }
    }, 
    {
        "pk": 58, 
        "model": "character_builder.characterskill", 
        "fields": {
            "skill": 7, 
            "character": 6, 
            "is_trained": false, 
            "value": 0
        }
    }, 
    {
        "pk": 59, 
        "model": "character_builder.characterskill", 
        "fields": {
            "skill": 8, 
            "character": 6, 
            "is_trained": true, 
            "value": 0
        }
    }, 
    {
        "pk": 60, 
        "model": "character_builder.characterskill", 
        "fields": {
            "skill": 9, 
            "character": 6, 
            "is_trained": false, 
            "value": 0
        }
    }, 
    {
        "pk": 61, 
        "model": "character_builder.characterskill", 
        "fields": {
            "skill": 10, 
            "character": 6, 
            "is_trained": false, 
            "value": 0
        }
    }, 
    {
        "pk": 62, 
        "model": "character_builder.characterskill", 
        "fields": {
            "skill": 11, 
            "character": 6, 
            "is_trained": false, 
            "value": 0
        }
    }, 
    {
        "pk": 63, 
        "model": "character_builder.characterskill", 
        "fields": {
            "skill": 12, 
            "character": 6, 
            "is_trained": false, 
            "value": 0
        }
    }, 
    {
        "pk": 64, 
        "model": "character_builder.characterskill", 
        "fields": {
            "skill": 13, 
            "character": 6, 
            "is_trained": false, 
            "value": 0
        }
    }, 
    {
        "pk": 65, 
        "model": "character_builder.characterskill", 
        "fields": {
            "skill": 14, 
            "character": 6, 
            "is_trained": true, 
            "value": 0
        }
    }, 
    {
        "pk": 66, 
        "model": "character_builder.characterskill", 
        "fields": {
            "skill": 15, 
            "character": 6, 
            "is_trained": false, 
            "value": 0
        }
    }, 
    {
        "pk": 67, 
        "model": "character_builder.characterskill", 
        "fields": {
            "skill": 16, 
            "character": 6, 
            "is_trained": false, 
            "value": 0
        }
    }, 
    {
        "pk": 68, 
        "model": "character_builder.characterskill", 
        "fields": {
            "skill": 17, 
            "character": 6, 
            "is_trained": false, 
            "value": 2
        }
    }, 
    {
        "pk": 69, 
        "model": "character_builder.characterskill", 
        "fields": {
            "skill": 1, 
            "character": 7, 
            "is_trained": true, 
            "value": 0
        }
    }, 
    {
        "pk": 70, 
        "model": "character_builder.characterskill", 
        "fields": {
            "skill": 2, 
            "character": 7, 
            "is_trained": false, 
            "value": 0
        }
    }, 
    {
        "pk": 71, 
        "model": "character_builder.characterskill", 
        "fields": {
            "skill": 3, 
            "character": 7, 
            "is_trained": false, 
            "value": 0
        }
    }, 
    {
        "pk": 72, 
        "model": "character_builder.characterskill", 
        "fields": {
            "skill": 4, 
            "character": 7, 
            "is_trained": false, 
            "value": 0
        }
    }, 
    {
        "pk": 73, 
        "model": "character_builder.characterskill", 
        "fields": {
            "skill": 5, 
            "character": 7, 
            "is_trained": false, 
            "value": 0
        }
    }, 
    {
        "pk": 74, 
        "model": "character_builder.characterskill", 
        "fields": {
            "skill": 6, 
            "character": 7, 
            "is_trained": true, 
            "value": 0
        }
    }, 
    {
        "pk": 75, 
        "model": "character_builder.characterskill", 
        "fields": {
            "skill": 7, 
            "character": 7, 
            "is_trained": true, 
            "value": 0
        }
    }, 
    {
        "pk": 76, 
        "model": "character_builder.characterskill", 
        "fields": {
            "skill": 8, 
            "character": 7, 
            "is_trained": false, 
            "value": 0
        }
    }, 
    {
        "pk": 77, 
        "model": "character_builder.characterskill", 
        "fields": {
            "skill": 9, 
            "character": 7, 
            "is_trained": false, 
            "value": 0
        }
    }, 
    {
        "pk": 78, 
        "model": "character_builder.characterskill", 
        "fields": {
            "skill": 10, 
            "character": 7, 
            "is_trained": false, 
            "value": 0
        }
    }, 
    {
        "pk": 79, 
        "model": "character_builder.characterskill", 
        "fields": {
            "skill": 11, 
            "character": 7, 
            "is_trained": false, 
            "value": 0
        }
    }, 
    {
        "pk": 80, 
        "model": "character_builder.characterskill", 
        "fields": {
            "skill": 12, 
            "character": 7, 
            "is_trained": false, 
            "value": 0
        }
    }, 
    {
        "pk": 81, 
        "model": "character_builder.characterskill", 
        "fields": {
            "skill": 13, 
            "character": 7, 
            "is_trained": true, 
            "value": 0
        }
    }, 
    {
        "pk": 82, 
        "model": "character_builder.characterskill", 
        "fields": {
            "skill": 14, 
            "character": 7, 
            "is_trained": false, 
            "value": 0
        }
    }, 
    {
        "pk": 83, 
        "model": "character_builder.characterskill", 
        "fields": {
            "skill": 15, 
            "character": 7, 
            "is_trained": true, 
            "value": 0
        }
    }, 
    {
        "pk": 84, 
        "model": "character_builder.characterskill", 
        "fields": {
            "skill": 16, 
            "character": 7, 
            "is_trained": false, 
            "value": 0
        }
    }, 
    {
        "pk": 85, 
        "model": "character_builder.characterskill", 
        "fields": {
            "skill": 17, 
            "character": 7, 
            "is_trained": false, 
            "value": 0
        }
    }, 
    {
        "pk": 86, 
        "model": "character_builder.characterskill", 
        "fields": {
            "skill": 1, 
            "character": 1, 
            "is_trained": false, 
            "value": 0
        }
    }, 
    {
        "pk": 87, 
        "model": "character_builder.characterskill", 
        "fields": {
            "skill": 2, 
            "character": 1, 
            "is_trained": false, 
            "value": 0
        }
    }, 
    {
        "pk": 88, 
        "model": "character_builder.characterskill", 
        "fields": {
            "skill": 3, 
            "character": 1, 
            "is_trained": false, 
            "value": 0
        }
    }, 
    {
        "pk": 89, 
        "model": "character_builder.characterskill", 
        "fields": {
            "skill": 4, 
            "character": 1, 
            "is_trained": false, 
            "value": 0
        }
    }, 
    {
        "pk": 90, 
        "model": "character_builder.characterskill", 
        "fields": {
            "skill": 5, 
            "character": 1, 
            "is_trained": true, 
            "value": 0
        }
    }, 
    {
        "pk": 91, 
        "model": "character_builder.characterskill", 
        "fields": {
            "skill": 6, 
            "character": 1, 
            "is_trained": false, 
            "value": 0
        }
    }, 
    {
        "pk": 92, 
        "model": "character_builder.characterskill", 
        "fields": {
            "skill": 7, 
            "character": 1, 
            "is_trained": false, 
            "value": 0
        }
    }, 
    {
        "pk": 93, 
        "model": "character_builder.characterskill", 
        "fields": {
            "skill": 8, 
            "character": 1, 
            "is_trained": true, 
            "value": 0
        }
    }, 
    {
        "pk": 94, 
        "model": "character_builder.characterskill", 
        "fields": {
            "skill": 9, 
            "character": 1, 
            "is_trained": false, 
            "value": 0
        }
    }, 
    {
        "pk": 95, 
        "model": "character_builder.characterskill", 
        "fields": {
            "skill": 10, 
            "character": 1, 
            "is_trained": true, 
            "value": 0
        }
    }, 
    {
        "pk": 96, 
        "model": "character_builder.characterskill", 
        "fields": {
            "skill": 11, 
            "character": 1, 
            "is_trained": false, 
            "value": 0
        }
    }, 
    {
        "pk": 97, 
        "model": "character_builder.characterskill", 
        "fields": {
            "skill": 12, 
            "character": 1, 
            "is_trained": false, 
            "value": 2
        }
    }, 
    {
        "pk": 98, 
        "model": "character_builder.characterskill", 
        "fields": {
            "skill": 13, 
            "character": 1, 
            "is_trained": false, 
            "value": 2
        }
    }, 
    {
        "pk": 99, 
        "model": "character_builder.characterskill", 
        "fields": {
            "skill": 14, 
            "character": 1, 
            "is_trained": true, 
            "value": 0
        }
    }, 
    {
        "pk": 100, 
        "model": "character_builder.characterskill", 
        "fields": {
            "skill": 15, 
            "character": 1, 
            "is_trained": false, 
            "value": 0
        }
    }, 
    {
        "pk": 101, 
        "model": "character_builder.characterskill", 
        "fields": {
            "skill": 16, 
            "character": 1, 
            "is_trained": false, 
            "value": 0
        }
    }, 
    {
        "pk": 102, 
        "model": "character_builder.characterskill", 
        "fields": {
            "skill": 17, 
            "character": 1, 
            "is_trained": false, 
            "value": 0
        }
    }, 
    {
        "pk": 1, 
        "model": "character_builder.characterequipment", 
        "fields": {
            "item": 1, 
            "is_equipped": true, 
            "character": 3
        }
    }, 
    {
        "pk": 2, 
        "model": "character_builder.characterequipment", 
        "fields": {
            "item": 1, 
            "is_equipped": true, 
            "character": 6
        }
    }, 
    {
        "pk": 3, 
        "model": "character_builder.characterequipment", 
        "fields": {
            "item": 2, 
            "is_equipped": true, 
            "character": 7
        }
    }, 
    {
        "pk": 4, 
        "model": "character_builder.characterequipment", 
        "fields": {
            "item": 3, 
            "is_equipped": true, 
            "character": 8
        }
    }, 
    {
        "pk": 5, 
        "model": "character_builder.characterequipment", 
        "fields": {
            "item": 3, 
            "is_equipped": true, 
            "character": 9
        }
    }, 
    {
        "pk": 6, 
        "model": "character_builder.characterequipment", 
        "fields": {
            "item": 4, 
            "is_equipped": true, 
            "character": 8
        }
    }, 
    {
        "pk": 1, 
        "model": "character_builder.characterpower", 
        "fields": {
            "character": 3, 
            "power": 4
        }
    }, 
    {
        "pk": 2, 
        "model": "character_builder.characterpower", 
        "fields": {
            "character": 3, 
            "power": 5
        }
    }, 
    {
        "pk": 3, 
        "model": "character_builder.characterpower", 
        "fields": {
            "character": 3, 
            "power": 7
        }
    }, 
    {
        "pk": 4, 
        "model": "character_builder.characterpower", 
        "fields": {
            "character": 3, 
            "power": 6
        }
    }, 
    {
        "pk": 5, 
        "model": "character_builder.characterpower", 
        "fields": {
            "character": 3, 
            "power": 8
        }
    }, 
    {
        "pk": 6, 
        "model": "character_builder.characterpower", 
        "fields": {
            "character": 3, 
            "power": 9
        }
    }, 
    {
        "pk": 7, 
        "model": "character_builder.characterpower", 
        "fields": {
            "character": 3, 
            "power": 10
        }
    }, 
    {
        "pk": 8, 
        "model": "character_builder.characterpower", 
        "fields": {
            "character": 3, 
            "power": 11
        }
    }, 
    {
        "pk": 9, 
        "model": "character_builder.characterpower", 
        "fields": {
            "character": 3, 
            "power": 12
        }
    }, 
    {
        "pk": 10, 
        "model": "character_builder.characterpower", 
        "fields": {
            "character": 3, 
            "power": 13
        }
    }, 
    {
        "pk": 11, 
        "model": "character_builder.characterpower", 
        "fields": {
            "character": 8, 
            "power": 14
        }
    }, 
    {
        "pk": 12, 
        "model": "character_builder.characterpower", 
        "fields": {
            "character": 8, 
            "power": 15
        }
    }, 
    {
        "pk": 13, 
        "model": "character_builder.characterpower", 
        "fields": {
            "character": 8, 
            "power": 16
        }
    }, 
    {
        "pk": 14, 
        "model": "character_builder.characterpower", 
        "fields": {
            "character": 8, 
            "power": 17
        }
    }, 
    {
        "pk": 15, 
        "model": "character_builder.characterpower", 
        "fields": {
            "character": 9, 
            "power": 18
        }
    }, 
    {
        "pk": 16, 
        "model": "character_builder.characterpower", 
        "fields": {
            "character": 9, 
            "power": 19
        }
    }, 
    {
        "pk": 17, 
        "model": "character_builder.characterpower", 
        "fields": {
            "character": 9, 
            "power": 20
        }
    }, 
    {
        "pk": 18, 
        "model": "character_builder.characterpower", 
        "fields": {
            "character": 9, 
            "power": 21
        }
    }, 
    {
        "pk": 19, 
        "model": "character_builder.characterpower", 
        "fields": {
            "character": 9, 
            "power": 22
        }
    }, 
    {
        "pk": 20, 
        "model": "character_builder.characterpower", 
        "fields": {
            "character": 9, 
            "power": 23
        }
    }, 
    {
        "pk": 21, 
        "model": "character_builder.characterpower", 
        "fields": {
            "character": 9, 
            "power": 24
        }
    }, 
    {
        "pk": 22, 
        "model": "character_builder.characterpower", 
        "fields": {
            "character": 9, 
            "power": 25
        }
    }, 
    {
        "pk": 23, 
        "model": "character_builder.characterpower", 
        "fields": {
            "character": 7, 
            "power": 26
        }
    }, 
    {
        "pk": 24, 
        "model": "character_builder.characterpower", 
        "fields": {
            "character": 7, 
            "power": 27
        }
    }, 
    {
        "pk": 25, 
        "model": "character_builder.characterpower", 
        "fields": {
            "character": 7, 
            "power": 28
        }
    }, 
    {
        "pk": 26, 
        "model": "character_builder.characterpower", 
        "fields": {
            "character": 7, 
            "power": 29
        }
    }, 
    {
        "pk": 27, 
        "model": "character_builder.characterpower", 
        "fields": {
            "character": 7, 
            "power": 30
        }
    }, 
    {
        "pk": 28, 
        "model": "character_builder.characterpower", 
        "fields": {
            "character": 6, 
            "power": 32
        }
    }, 
    {
        "pk": 29, 
        "model": "character_builder.characterpower", 
        "fields": {
            "character": 6, 
            "power": 33
        }
    }, 
    {
        "pk": 30, 
        "model": "character_builder.characterpower", 
        "fields": {
            "character": 6, 
            "power": 34
        }
    }, 
    {
        "pk": 31, 
        "model": "character_builder.characterpower", 
        "fields": {
            "character": 6, 
            "power": 35
        }
    }, 
    {
        "pk": 32, 
        "model": "character_builder.characterpower", 
        "fields": {
            "character": 6, 
            "power": 36
        }
    }, 
    {
        "pk": 33, 
        "model": "character_builder.characterpower", 
        "fields": {
            "character": 6, 
            "power": 37
        }
    }, 
    {
        "pk": 34, 
        "model": "character_builder.characterpower", 
        "fields": {
            "character": 6, 
            "power": 38
        }
    }, 
    {
        "pk": 35, 
        "model": "character_builder.characterpower", 
        "fields": {
            "character": 6, 
            "power": 39
        }
    }, 
    {
        "pk": 36, 
        "model": "character_builder.characterpower", 
        "fields": {
            "character": 6, 
            "power": 40
        }
    }
]